GeneName,Trait,GeneSymbol
Zm00001d000524,MGRVI/NDI/RGBR/RGBVI/veg/ExG/ExGR/ExR/GLI/GLI2/gn,-
Zm00001d000533,ints,-
Zm00001d000534,CIVE/COM,-
Zm00001d000554,NDI,-
Zm00001d000570,NDI,-
Zm00001d000572,GLI2,-
Zm00001d000707,ints,IDP8121
Zm00001d000787,GLI2,-
Zm00001d000796,GLI2,-
Zm00001d000914,MGRVI/veg/ExG/ExGR/GLI/GreenCoverage,-
Zm00001d000915,MGRVI/veg/ExG/ExGR/GLI/GreenCoverage,-
Zm00001d000942,CIVE,-
Zm00001d001010,GRVI/ints/RGBR/RGBVI/ExG,-
Zm00001d001055,rn,-
Zm00001d001056,rn,-
Zm00001d001078,GRVI,-
Zm00001d001159,gn,-
Zm00001d001309,IKAW,-
Zm00001d001341,NDI,-
Zm00001d001342,NDI,-
Zm00001d001345,GRVI,-
Zm00001d001358,CIVE/RGBVI/veg/COM/ExGR/GreenCoverage,-
Zm00001d001443,ints,-
Zm00001d001473,ExG,-
Zm00001d001499,rn,-
Zm00001d001551,NDI,-
Zm00001d001571,GLI,-
Zm00001d001673,GLI,-
Zm00001d001741,RGBVI,-
Zm00001d001767,gn,mab10
Zm00001d001809,NDI,-
Zm00001d001848,GRVI,IDP4238
Zm00001d001879,RGBVI,arftf3
Zm00001d001882,GLI2,-
Zm00001d001903,NDI,-
Zm00001d001939,ExR,cl421_1
Zm00001d001959,ints,bm6
Zm00001d001961,ExG,Zm00001d001961
Zm00001d002006,RGBR,mha2
Zm00001d002043,gn,-
Zm00001d002053,ints,cl34175_1
Zm00001d002125,COM/GreenCoverage,nrpd2/e2
Zm00001d002132,ExG,pco102445
Zm00001d002166,COM,cl17699_1a
Zm00001d002184,ints,pza03747
Zm00001d002188,ExR/GLI2/gn,-
Zm00001d002198,rn,LOC103645896/LOC118476278
Zm00001d002217,GLI/gn,-
Zm00001d002246,GRVI,pks1
Zm00001d002324,RGBVI,-
Zm00001d002326,GRVI,aaa1
Zm00001d002369,ints,prh47
Zm00001d002390,RGBVI,IDP4173
Zm00001d002406,RGBR,-
Zm00001d002424,rn,thx23
Zm00001d002447,GRVI,rlk12
Zm00001d002467,ExR/GLI2,-
Zm00001d002544,ExGR/ExR,rcc9
Zm00001d002560,ExG,-
Zm00001d002577,GRVI,ubp8
Zm00001d002585,GRVI,-
Zm00001d002591,rn,-
Zm00001d002593,GRVI,TIDP9198
Zm00001d002602,CIVE/MGRVI/RGBVI/veg/COM/ExG/ExGR/GLI/GreenCoverage,dps2
Zm00001d002617,ExG,GRMZM2G161913
Zm00001d002668,COM/GreenCoverage,-
Zm00001d002704,ints,glpx3
Zm00001d002706,ints,-
Zm00001d002715,GRVI,-
Zm00001d002751,NDI/RGBR,IDP4867
Zm00001d002758,RGBVI,-
Zm00001d002784,GRVI,IDP4525
Zm00001d002791,CIVE/GRVI,LOC100282442
Zm00001d002801,ExGR,thx12
Zm00001d002806,ExR/GLI2,dbb2
Zm00001d002814,RGBR/GLI,-
Zm00001d002833,RGBVI,LOC100280605
Zm00001d002901,ints,px15
Zm00001d002906,NDI,-
Zm00001d002936,ints,impb5
Zm00001d002940,RGBR,-
Zm00001d002941,RGBR,magi100893
Zm00001d002956,ExG,-
Zm00001d002978,ExG,cl8874_1
Zm00001d002991,GRVI,cl45746_-1e
Zm00001d002992,RGBVI,-
Zm00001d003007,CIVE,ppr98
Zm00001d003035,CIVE/COM/GreenCoverage,-
Zm00001d003038,veg/GreenCoverage,-
Zm00001d003039,CIVE/COM,-
Zm00001d003048,ExG,AF056157
Zm00001d003087,gn,-
Zm00001d003116,ExGR,Zm00001d003116
Zm00001d003185,rn,LOC100273371/LOC103646277
Zm00001d003199,NDI,-
Zm00001d003200,ExG,cl1856_4
Zm00001d003239,ExR,-
Zm00001d003291,GreenCoverage,tgz21
Zm00001d003293,gn,nactf111
Zm00001d003294,veg,-
Zm00001d003295,veg,-
Zm00001d003331,gn,wrky72
Zm00001d003395,gn,ans1
Zm00001d003403,CIVE,aaap10
Zm00001d003429,gn/GreenCoverage,gpa1
Zm00001d003474,RGBVI,-
Zm00001d003535,ints,-
Zm00001d003539,gn,-
Zm00001d003546,IKAW,-
Zm00001d003602,rn,cl12292_1a
Zm00001d003655,RGBVI,si707050e05a
Zm00001d003671,GLI2,Zm00001eb082840
Zm00001d003742,CIVE,IDP5993
Zm00001d003747,NDI,-
Zm00001d003770,rn,-
Zm00001d003800,GRVI,IDP3774
Zm00001d003840,RGBVI,-
Zm00001d003847,gn,pco133857
Zm00001d003848,RGBVI,pco129583a
Zm00001d003850,GRVI,Zm00001d003850
Zm00001d003875,rn,-
Zm00001d003894,ints,-
Zm00001d003935,GRVI,-
Zm00001d003980,ints,sbt27
Zm00001d004049,IKAW,-
Zm00001d004053,RGBVI,-
Zm00001d004065,NDI,-
Zm00001d004091,rn/GLI2,qk1
Zm00001d004118,ExG,umc1007
Zm00001d004123,RGBR,Zm00001d004123
Zm00001d004127,gn,-
Zm00001d004140,ExR/GLI2,magi68140
Zm00001d004147,MGRVI/veg/ExG/ExGR/GLI,-
Zm00001d004172,RGBVI/GLI/gn,pco101158b
Zm00001d004193,CIVE/MGRVI/rn/veg/COM/ExGR/ExR/GLI/GreenCoverage,pco108216
Zm00001d004225,GLI,-
Zm00001d004259,IKAW,cl17367_1(196)
Zm00001d004270,RGBR,-
Zm00001d004317,GRVI,-
Zm00001d004359,MGRVI/veg/ExGR/GLI,-
Zm00001d004376,ExR/GLI2/gn,-
Zm00001d004387,IKAW,-
Zm00001d004392,RGBVI,-
Zm00001d004428,RGBR/RGBVI/GLI2,-
Zm00001d004438,ExG/ExR,zpu1
Zm00001d004466,CIVE/GreenCoverage,pco111783
Zm00001d004500,NDI,-
Zm00001d004502,NDI/ExR,-
Zm00001d004527,RGBR,-
Zm00001d004555,veg,cyp42
Zm00001d004559,GreenCoverage,-
Zm00001d004586,NDI,expb16
Zm00001d004591,GRVI,LOC103646909
Zm00001d004604,IKAW,-
Zm00001d004605,IKAW,-
Zm00001d004651,GLI2,c3h19
Zm00001d004652,GRVI,-
Zm00001d004658,IKAW,-
Zm00001d004667,ExR/GLI2,pco076624
Zm00001d004707,GLI2,Zm00001d004707
Zm00001d004728,MGRVI/veg/COM/ExG/GLI/GreenCoverage,grp4
Zm00001d004743,MGRVI/veg/COM/ExGR/GLI,-
Zm00001d004819,GLI2,-
Zm00001d004825,GRVI,-
Zm00001d004857,ints,bzip23
Zm00001d004885,IKAW/GLI/gn,-
Zm00001d004907,ExG,-
Zm00001d004911,CIVE,-
Zm00001d004912,CIVE/ints/ExG,-
Zm00001d004956,gn,gldh1/magi2326
Zm00001d004960,COM,pco062200a
Zm00001d004979,rn,AY111877
Zm00001d004982,GLI2,-
Zm00001d004994,RGBR,-
Zm00001d005011,ExG,IDP8402
Zm00001d005092,MGRVI/veg/ExGR,-
Zm00001d005137,IKAW/rn,phd52
Zm00001d005170,MGRVI/veg/ExGR,cl28737_1
Zm00001d005338,gn,-
Zm00001d005431,MGRVI/ExGR/ExR/GLI2,-
Zm00001d005458,CIVE/MGRVI/veg/COM/ExG/ExGR/ExR/GLI/GreenCoverage,Zm00001d005458
Zm00001d005538,GLI2,-
Zm00001d005563,GRVI,sdg110b
Zm00001d005570,GRVI,IDP2141
Zm00001d005578,GRVI,bzip40
Zm00001d005598,RGBVI/COM,IDP8156
Zm00001d005608,GLI2,-
Zm00001d005662,rn,LOC100282683
Zm00001d005688,rn,LOC103647391
Zm00001d005707,RGBVI,-
Zm00001d005741,GLI2,ndhl2
Zm00001d005758,GRVI/MGRVI/veg,Zm00001d005758
Zm00001d005767,IKAW/GreenCoverage,-
Zm00001d005805,GRVI/ints,-
Zm00001d005826,RGBVI,umc5a
Zm00001d005847,ints,si606037c06b
Zm00001d005902,ints/rn,pco137522
Zm00001d005924,GLI2,-
Zm00001d005949,gn,isol1
Zm00001d005952,RGBVI,-
Zm00001d005981,MGRVI/RGBVI/rn/veg/ExGR,-
Zm00001d005991,RGBR/ExG,-
Zm00001d006011,gn,upl1
Zm00001d006017,GRVI,LOC100191446
Zm00001d006046,ints/RGBR,mbd111
Zm00001d006081,RGBVI,-
Zm00001d006084,GRVI/IKAW/gn,-
Zm00001d006130,COM,-
Zm00001d006136,ExG,Zm00001d006136
Zm00001d006236,ints,myb31/GRMZM5G892094
Zm00001d006311,GRVI,qpt1
Zm00001d006328,ints/ExR,si605057h03a
Zm00001d006344,MGRVI/veg/ExGR,AY109722
Zm00001d006382,GLI2,msh4
Zm00001d006402,ExG,LOC100382858
Zm00001d006449,gn,si486092d04c
Zm00001d006459,rn,-
Zm00001d006460,ints,-
Zm00001d006473,ints,-
Zm00001d006481,rn,-
Zm00001d006487,GRVI,-
Zm00001d006496,IKAW/ExR,cl866_1a
Zm00001d006514,IKAW,-
Zm00001d006593,rn,-
Zm00001d006677,ints,bzr7
Zm00001d006679,ints,-
Zm00001d006683,CIVE/MGRVI/ExG/ExGR,LOC100217238
Zm00001d006684,GRVI,LOC100284228
Zm00001d006705,MGRVI/veg/ExGR,arm20
Zm00001d006758,RGBR,GRMZM2G414002
Zm00001d006797,MGRVI/veg/ExG/ExGR/GLI,IDP363
Zm00001d006798,RGBVI,chr12
Zm00001d006888,NDI,-
Zm00001d006939,CIVE/COM,IDP7317
Zm00001d007022,GLI,bzip132
Zm00001d007090,GRVI,rlua3
Zm00001d007116,gn,nbcs7
Zm00001d007214,GLI2,cl31945_1
Zm00001d007288,RGBR,acr10
Zm00001d007363,CIVE/COM,bak6
Zm00001d007383,RGBVI,cl1922_1b
Zm00001d007422,NDI,IDP7614
Zm00001d007450,CIVE,-
Zm00001d007486,GRVI,LOC100191617
Zm00001d007522,RGBVI,traf3
Zm00001d007536,ints,bhlh59
Zm00001d007595,COM,-
Zm00001d007596,GRVI,pza02266
Zm00001d007636,NDI/GLI,-
Zm00001d007670,RGBVI,-
Zm00001d007672,RGBVI,LOC103649462
Zm00001d007686,ints,IDPCP97120
Zm00001d007688,ints/RGBR,-
Zm00001d007726,rn,-
Zm00001d007732,CIVE/GRVI/MGRVI/RGBVI/veg/ExGR/GLI/gn,-
Zm00001d007752,CIVE/GRVI/COM/GreenCoverage,-
Zm00001d007782,IKAW,-
Zm00001d007810,GRVI,IDP661
Zm00001d007818,GRVI,-
Zm00001d007862,NDI,pan2
Zm00001d007888,ExG,mab14
Zm00001d007900,rn,Zm00001eb117170
Zm00001d007902,MGRVI/veg/ExGR,Zm00001d007902
Zm00001d007903,MGRVI/ExGR/ExR/GLI,-
Zm00001d007953,RGBVI,-
Zm00001d007965,NDI,mkkk7
Zm00001d008025,rn,-
Zm00001d008138,rn,-
Zm00001d008177,GRVI,IDP7800
Zm00001d008248,gn,-
Zm00001d008256,IKAW,smk501
Zm00001d008269,CIVE/COM,-
Zm00001d008277,rn,LOC103634667
Zm00001d008360,rn,pco061640
Zm00001d008371,GreenCoverage,-
Zm00001d008376,RGBVI,nrh1
Zm00001d008398,NDI,-
Zm00001d008428,RGBR,GRMZM2G035341
Zm00001d008460,CIVE,Zm00001d008460
Zm00001d008467,rn,wakl42
Zm00001d008484,NDI,-
Zm00001d008488,COM,wakl46
Zm00001d008510,CIVE/COM,-
Zm00001d008538,GreenCoverage,-
Zm00001d008559,GLI2,crs2
Zm00001d008588,NDI,cl2990_1b
Zm00001d008631,GLI,-
Zm00001d008663,rn,-
Zm00001d008679,GRVI,LOC100280830
Zm00001d008715,CIVE,rlk3
Zm00001d008743,ints,ubp39
Zm00001d008744,RGBVI,B6TMW7
Zm00001d008771,GRVI,-
Zm00001d008814,MGRVI/veg/COM/ExR/GreenCoverage,aldh35
Zm00001d008863,MGRVI/veg/ExG/ExGR/GLI,pco134958
Zm00001d008913,CIVE/COM/GreenCoverage,ect10
Zm00001d008941,RGBVI,atx3
Zm00001d008954,ints,umc1802
Zm00001d008978,gn,-
Zm00001d009026,NDI,-
Zm00001d009090,NDI,myb95
Zm00001d009154,GRVI,-
Zm00001d009171,CIVE,LOC100274176
Zm00001d009182,IKAW,ech1
Zm00001d009220,IKAW,-
Zm00001d009337,GRVI,-
Zm00001d009351,GLI,-
Zm00001d009424,RGBR,si605013b05b
Zm00001d009454,RGBR,-
Zm00001d009474,gn,-
Zm00001d009571,ExGR,cl12262_1b
Zm00001d009591,RGBVI,umc1157
Zm00001d009618,ExG,wtf1
Zm00001d009649,RGBR,-
Zm00001d009657,ExG,-
Zm00001d009661,NDI,LOC100382356
Zm00001d009671,gn,-
Zm00001d009676,gn,pco092990b
Zm00001d009690,GLI2,-
Zm00001d009733,ExG,ppr433
Zm00001d009771,ints,osca3
Zm00001d009789,ExG,rte6
Zm00001d009824,NDI,-
Zm00001d009879,ExR/gn,IDP7885
Zm00001d009886,RGBVI,-
Zm00001d010029,GRVI,-
Zm00001d010034,ExG,ysl23
Zm00001d010040,GRVI,-
Zm00001d010043,ExG,cl14476_1b
Zm00001d010047,RGBR,mlkt2
Zm00001d010050,GRVI,-
Zm00001d010126,rn,-
Zm00001d010200,RGBR,-
Zm00001d010259,IKAW,csu620
Zm00001d010281,GRVI,-
Zm00001d010309,ints,sbp11
Zm00001d010321,rn,pdk2
Zm00001d010322,RGBR,mbd101
Zm00001d010324,GLI2,cl23765_1
Zm00001d010341,ints/RGBR,traf27
Zm00001d010342,RGBVI,-
Zm00001d010398,COM/GreenCoverage,-
Zm00001d010411,CIVE,iaa38
Zm00001d010456,ints,-
Zm00001d010476,NDI,cdk2
Zm00001d010480,RGBVI,LOC100279902
Zm00001d010546,gn,-
Zm00001d010552,NDI,-
Zm00001d010576,IKAW/RGBR,-
Zm00001d010599,MGRVI/veg,-
Zm00001d010639,GRVI,-
Zm00001d010700,GLI2,IDP8437
Zm00001d010719,rn,ktf1
Zm00001d010724,COM/GreenCoverage,umc1130
Zm00001d010777,gn,-
Zm00001d010850,rn,pco095139
Zm00001d010882,NDI/ExG,-
Zm00001d010883,ints/rn,-
Zm00001d010888,GRVI,-
Zm00001d010908,ExR/GLI2,LOC100383425
Zm00001d010927,RGBR/rn,cl9164_1a
Zm00001d010928,RGBVI,met6
Zm00001d010962,RGBVI,-
Zm00001d010965,ExG,IDP9049
Zm00001d010974,ints/GLI/gn,phd17
Zm00001d011075,RGBVI,-
Zm00001d011099,GRVI,mmt1
Zm00001d011219,IKAW,-
Zm00001d011220,NDI,cl34516_1b
Zm00001d011263,RGBR,pco098642
Zm00001d011272,GreenCoverage,cl12769_-1
Zm00001d011289,COM/GreenCoverage,Zm00001d011289
Zm00001d011304,GRVI,-
Zm00001d011378,GLI2,-
Zm00001d011386,MGRVI/veg/ExGR,Zm00001d011386
Zm00001d011400,rn,-
Zm00001d011421,rn,-
Zm00001d011492,NDI/gn,Zm00001d011492
Zm00001d011511,GRVI,-
Zm00001d011518,IKAW,si687057a06d
Zm00001d011532,GRVI/IKAW/NDI/RGBR,Zm00001d011532
Zm00001d011541,CIVE/GRVI,pco061312c
Zm00001d011550,MGRVI/veg/ExG/ExGR/GLI,-
Zm00001d011560,RGBR/RGBVI,ddt5/hb113/LOC103636162
Zm00001d011598,GRVI,-
Zm00001d011626,GRVI,-
Zm00001d011644,GRVI,Zm00001eb360840
Zm00001d011658,ints/NDI,-
Zm00001d011662,RGBVI,-
Zm00001d011666,GRVI,cdpk21
Zm00001d011667,ExR/GLI2,-
Zm00001d011705,rn,rbap1
Zm00001d011713,NDI/RGBR/GLI,-
Zm00001d011743,ints,-
Zm00001d011750,rn,crk1
Zm00001d011764,gn,yuc8
Zm00001d011791,ExGR/ExR/gn,-
Zm00001d011931,RGBVI,-
Zm00001d011959,CIVE/COM/GreenCoverage,xt6
Zm00001d011976,ints,-
Zm00001d011997,veg,dnaj175
Zm00001d012049,GLI2,c3h49
Zm00001d012054,GLI2,-
Zm00001d012061,GRVI/rn,IDP8974
Zm00001d012102,rn,mgt8
Zm00001d012130,rn,-
Zm00001d012137,gn,cl13065_1b
Zm00001d012148,GRVI,-
Zm00001d012156,rn,cl20634_1b
Zm00001d012172,gn,-
Zm00001d012173,GRVI,pco070293b
Zm00001d012247,GRVI,CL9311_1
Zm00001d012284,NDI,Zm00001d012284
Zm00001d012297,GRVI,-
Zm00001d012308,RGBR,-
Zm00001d012349,NDI,-
Zm00001d012385,ints,Zm00001eb367710
Zm00001d012413,GLI2,wrky66
Zm00001d012441,GRVI,cct3
Zm00001d012446,CIVE,-
Zm00001d012451,veg,cl28155_-2
Zm00001d012458,ints,-
Zm00001d012467,MGRVI/veg/COM/ExG/ExGR/ExR/GLI/GreenCoverage,-
Zm00001d012483,ExR,-
Zm00001d012493,veg,-
Zm00001d012537,GLI,-
Zm00001d012538,ints,Zm00001d012538
Zm00001d012559,rn,IDP279
Zm00001d012561,ints/GreenCoverage,psei2
Zm00001d012563,RGBVI,-
Zm00001d012573,ints,pap16
Zm00001d012578,NDI,-
Zm00001d012594,COM,GRMZM2G139460
Zm00001d012595,ints/COM,-
Zm00001d012598,COM,-
Zm00001d012614,GRVI/ints,cngc12
Zm00001d012629,GLI2,-
Zm00001d012630,MGRVI/veg/ExG/ExGR/GLI/GreenCoverage,-
Zm00001d012642,ints,bhlh79
Zm00001d012661,ints,LOC100384291
Zm00001d012663,ints,mate45
Zm00001d012664,CIVE/MGRVI/veg/COM/ExGR/GreenCoverage,cl21045_1
Zm00001d012675,COM,gst1
Zm00001d012699,ints,cl9001_1b
Zm00001d012716,GLI2,-
Zm00001d012725,IKAW/GLI2,tcptf29
Zm00001d012761,GLI2,-
Zm00001d012778,NDI,-
Zm00001d012861,GreenCoverage,-
Zm00001d012866,MGRVI/veg/ExGR/ExR/GLI/gn,-
Zm00001d012894,NDI,-
Zm00001d012963,gn,dof33/dof31
Zm00001d012970,COM/GreenCoverage,-
Zm00001d012974,ExR,-
Zm00001d012993,GRVI,iws2
Zm00001d012999,NDI,-
Zm00001d013006,IKAW/gn,LOC103625778
Zm00001d013008,gn,-
Zm00001d013040,rn,gpm707
Zm00001d013041,RGBVI,cybc7
Zm00001d013042,IKAW,csu33a
Zm00001d013059,ExR,pco085879
Zm00001d013070,rn,myb160
Zm00001d013073,NDI,bhlh159
Zm00001d013094,IKAW,mab17
Zm00001d013107,IKAW,-
Zm00001d013154,IKAW/veg/GLI,iaa20
Zm00001d013162,RGBVI,Zm00001d013162
Zm00001d013210,NDI,-
Zm00001d013211,GRVI,-
Zm00001d013267,ExR,tlk2
Zm00001d013335,rn,-
Zm00001d013346,NDI,grftf14
Zm00001d013351,GreenCoverage,-
Zm00001d013376,veg/gn,-
Zm00001d013379,rn,-
Zm00001d013383,ExR,-
Zm00001d013415,IKAW,GRMZM2G158359
Zm00001d013426,RGBVI,cl692_1b
Zm00001d013427,ExG,cl11117_1a
Zm00001d013444,ints,-
Zm00001d013447,ints,pco101674b
Zm00001d013463,rn,-
Zm00001d013484,COM,-
Zm00001d013496,GRVI,LOC100273078
Zm00001d013544,GRVI,-
Zm00001d013555,MGRVI/RGBVI/veg/COM/ExG/ExGR/GLI/GreenCoverage,grftf17
Zm00001d013559,IKAW,knox10
Zm00001d013572,RGBR,-
Zm00001d013596,NDI,hagtf22
Zm00001d013597,gn,hagtf22/LOC103626013
Zm00001d013624,GLI,cl55469_1
Zm00001d013625,ints,lbd26
Zm00001d013631,RGBVI,tbp2
Zm00001d013653,GRVI,cl14707_1b
Zm00001d013658,ExG,umc2512
Zm00001d013706,MGRVI/veg/ExGR,tha9
Zm00001d013746,MGRVI/RGBVI/veg/ExG/ExGR/GLI,bnlg1046
Zm00001d013752,ints,-
Zm00001d013753,MGRVI/veg/ExG/ExGR/GLI,cyp34
Zm00001d013755,GLI2,-
Zm00001d013800,GRVI,-
Zm00001d013821,MGRVI/veg/COM/ExGR,-
Zm00001d013822,MGRVI/veg/COM/ExGR,-
Zm00001d013828,veg,chr16
Zm00001d013831,CIVE/COM/ExG/ExR/GreenCoverage,pco067113d
Zm00001d013899,ints,-
Zm00001d013964,veg,-
Zm00001d013969,IKAW,-
Zm00001d013996,ints,-
Zm00001d014017,ints,-
Zm00001d014074,ints,cct27
Zm00001d014085,ints,IDP6932
Zm00001d014109,CIVE/MGRVI/RGBVI/veg/COM/ExG/ExGR/GLI/GreenCoverage,-
Zm00001d014122,RGBR,-
Zm00001d014167,RGBVI,-
Zm00001d014185,RGBR,-
Zm00001d014188,RGBVI,LOC100193152
Zm00001d014216,GLI,-
Zm00001d014254,IKAW/NDI,-
Zm00001d014255,GRVI,-
Zm00001d014256,CIVE/GreenCoverage,-
Zm00001d014263,MGRVI/GLI,-
Zm00001d014278,ExGR/ExR/GLI2,ras11E3
Zm00001d014306,GLI2,pco077445
Zm00001d014348,gn,-
Zm00001d014350,RGBVI,-
Zm00001d014377,ints,arftf18
Zm00001d014413,ExG,tti1
Zm00001d014414,NDI,LOC100502179
Zm00001d014445,GRVI,-
Zm00001d014447,RGBVI,-
Zm00001d014471,ExR,dek55
Zm00001d014487,CIVE/ints/COM/GreenCoverage,-
Zm00001d014517,ExG,-
Zm00001d014519,RGBR,LOC100303964
Zm00001d014521,ints,-
Zm00001d014528,RGBVI,-
Zm00001d014535,ExR,Zm00001d014535
Zm00001d014540,GRVI,IDP4479
Zm00001d014562,GreenCoverage,jih4
Zm00001d014568,IKAW/GLI,-
Zm00001d014572,NDI/COM/ExR/gn,LOC100191246
Zm00001d014582,GLI2,-
Zm00001d014584,rn,-
Zm00001d014590,GLI,-
Zm00001d014616,gn,-
Zm00001d014669,COM,hma2
Zm00001d014674,ints/NDI/COM/GreenCoverage,IDP8434
Zm00001d014685,IKAW,-
Zm00001d014695,ints,LOC103626416
Zm00001d014750,ExG,-
Zm00001d014771,ints,pza02676
Zm00001d014867,MGRVI/ExGR/ExR/GLI2,cl858_1a
Zm00001d014897,GLI,umc1373
Zm00001d014918,NDI,-
Zm00001d014928,IKAW,-
Zm00001d014946,CIVE/GreenCoverage,Zm00001d014946
Zm00001d014962,MGRVI/veg/ExGR,IDP4729
Zm00001d014988,RGBR,-
Zm00001d014991,MGRVI/veg/ExG/ExGR/GLI,-
Zm00001d015012,ExG,-
Zm00001d015024,ExG,-
Zm00001d015032,ints,acr19
Zm00001d015063,GRVI,-
Zm00001d015097,CIVE/GreenCoverage,Zm00001d015097
Zm00001d015118,ExG,bzip14
Zm00001d015150,GRVI,-
Zm00001d015180,IKAW,pco082324
Zm00001d015212,GRVI,recq4
Zm00001d015239,ints,LOC100285643
Zm00001d015253,RGBR,-
Zm00001d015294,GRVI/NDI,-
Zm00001d015349,ExG,-
Zm00001d015372,MGRVI/veg/ExG/ExGR/GLI,-
Zm00001d015379,NDI,Zm00001d015379
Zm00001d015425,gn,-
Zm00001d015435,ints,cl6312_1a
Zm00001d015443,ExGR,-
Zm00001d015446,ints/COM,-
Zm00001d015451,CIVE,sbp1
Zm00001d015474,NDI,-
Zm00001d015477,ExG,umc1591
Zm00001d015487,GRVI,-
Zm00001d015493,MGRVI/RGBVI/veg/ExG/ExGR/ExR/GLI/gn,atg11b
Zm00001d015499,IKAW/ExG,si687072e08
Zm00001d015529,MGRVI/veg/ExG/ExGR/GLI,-
Zm00001d015531,RGBVI,-
Zm00001d015534,NDI,-
Zm00001d015602,GLI2,-
Zm00001d015634,NDI/RGBR/GLI2/gn,-
Zm00001d015692,gn,npi571
Zm00001d015693,GLI2,-
Zm00001d015703,rn,-
Zm00001d015715,IKAW,-
Zm00001d015730,GLI,pco119438
Zm00001d015775,gn,mads80
Zm00001d015779,gn,grf23
Zm00001d015821,rn,pgl21
Zm00001d015876,rn,-
Zm00001d015890,GLI2,-
Zm00001d015894,RGBVI/gn,-
Zm00001d015906,ExR,-
Zm00001d015926,NDI,-
Zm00001d015985,ints/RGBR,sxd1
Zm00001d015999,ExR/GLI/GLI2,LOC103626926
Zm00001d016037,NDI/RGBR/RGBVI,-
Zm00001d016045,GRVI,-
Zm00001d016106,RGBR/gn,prh89
Zm00001d016131,ints,Zm00001d016131
Zm00001d016156,veg/ExGR/gn,-
Zm00001d016193,veg,IDP5041
Zm00001d016197,rn,-
Zm00001d016206,CIVE,-
Zm00001d016228,GLI,-
Zm00001d016268,NDI,-
Zm00001d016311,RGBR,pco081178a
Zm00001d016315,IKAW,-
Zm00001d016322,GLI2,-
Zm00001d016327,ExR/gn,-
Zm00001d016395,rn,IDP5848
Zm00001d016409,NDI,-
Zm00001d016431,IKAW,-
Zm00001d016433,MGRVI/RGBVI/veg/ExG/ExGR/ExR/GLI/gn,-
Zm00001d016452,CIVE/GRVI/IKAW/GreenCoverage,IDP2401
Zm00001d016458,NDI,AY105205
Zm00001d016469,GLI2,csu842a
Zm00001d016530,GRVI,-
Zm00001d016580,NDI,IDP7940
Zm00001d016581,IKAW/MGRVI,IDP3982
Zm00001d016638,rn,-
Zm00001d016640,GLI,-
Zm00001d016662,ints,LOC100277415
Zm00001d016707,GRVI/MGRVI/veg/ExG/ExGR/ExR/GLI,-
Zm00001d016720,GreenCoverage,pco136495a
Zm00001d016850,GLI2,vp15
Zm00001d016851,GLI2,-
Zm00001d016853,GLI2,IDP8019
Zm00001d016854,ints,Zm00001d016854
Zm00001d016855,GLI2,pco116691
Zm00001d016863,MGRVI/veg/ExGR/GLI,ppr310
Zm00001d016893,veg,cl4994_1
Zm00001d016916,rn,umc1264
Zm00001d016929,GRVI,-
Zm00001d016935,CIVE/COM/GreenCoverage,nfa104
Zm00001d016955,GRVI,-
Zm00001d016990,ints/COM,-
Zm00001d017042,RGBR,cl10759_1b
Zm00001d017137,ints,-
Zm00001d017138,ints,bhlh199
Zm00001d017165,ints,farl9
Zm00001d017166,GRVI,si687081d11c
Zm00001d017175,ints/MGRVI,larp13
Zm00001d017205,RGBR,LOC103627409
Zm00001d017226,ints/MGRVI/NDI/RGBVI/veg/ExG/ExGR/ExR/GLI/gn,-
Zm00001d017252,ExG,cl36733_1b
Zm00001d017258,gn,scoal1
Zm00001d017276,ExG,pal8
Zm00001d017281,gn,cngc7
Zm00001d017294,ExR,ga2ox4
Zm00001d017308,IKAW/NDI/ExR/GLI2/gn,-
Zm00001d017318,RGBR/GLI2,-
Zm00001d017328,gn,-
Zm00001d017352,RGBVI,nit1
Zm00001d017379,RGBR,trx3
Zm00001d017391,GRVI,yab15
Zm00001d017398,ints/RGBR,cl49804_1
Zm00001d017436,RGBR,-
Zm00001d017507,GLI,mybr11
Zm00001d017522,NDI,sbt19
Zm00001d017553,ints,nrg14
Zm00001d017575,ints,dof22
Zm00001d017609,MGRVI/ExGR,mybr100
Zm00001d017613,GLI,-
Zm00001d017625,GLI2,-
Zm00001d017692,RGBVI/ExG,hin21
Zm00001d017778,GRVI,bhlh29
Zm00001d017810,ExG,-
Zm00001d017812,ints,LOC100278165
Zm00001d017818,NDI,si605050e03
Zm00001d017848,rn,pco143558
Zm00001d017860,ExR/GLI,IDP36
Zm00001d017872,GLI2,GRMZM2G109039
Zm00001d017882,RGBR,IDP89
Zm00001d017888,IKAW,-
Zm00001d017906,RGBVI,-
Zm00001d017987,NDI,Zm00001d017987
Zm00001d017997,GRVI,-
Zm00001d018005,GLI2,-
Zm00001d018034,gn,ggh1
Zm00001d018047,gn,-
Zm00001d018055,gn,-
Zm00001d018133,ExG,pco133309c
Zm00001d018141,NDI,-
Zm00001d018201,rn,-
Zm00001d018209,RGBVI,GRMZM2G084086
Zm00001d018259,GRVI,atg12
Zm00001d018274,NDI/ExG/ExR/GLI2,LOC100275420
Zm00001d018291,CIVE/rn/COM,LOC103627823
Zm00001d018375,NDI,-
Zm00001d018380,RGBR,arr8
Zm00001d018382,gn,vps2
Zm00001d018413,ints/RGBVI/veg,dnaJ57
Zm00001d018420,rn,umc2136
Zm00001d018450,GRVI,pco145392
Zm00001d018481,RGBR,myo2
Zm00001d018482,ints,rhw1
Zm00001d018504,rn,-
Zm00001d018573,NDI,rop4
Zm00001d018619,NDI,Zm00001eb298210/GRMZM2G138450
Zm00001d018626,NDI,-
Zm00001d018637,CIVE,-
Zm00001d018674,RGBR,-
Zm00001d018704,NDI,umc1378
Zm00001d018713,RGBR,-
Zm00001d018718,CIVE,LOC100216877
Zm00001d018730,RGBR,umc1426
Zm00001d018753,CIVE,-
Zm00001d018760,GLI2,-
Zm00001d018763,RGBVI,-
Zm00001d018776,RGBVI,myb45
Zm00001d018796,GRVI,IDP80
Zm00001d018798,ExR,-
Zm00001d018849,rn,-
Zm00001d018872,RGBR,rcc23
Zm00001d018884,ints,uce14
Zm00001d018929,COM/GreenCoverage,cl218_1
Zm00001d018955,GRVI,-
Zm00001d018957,ints,LOC100382075
Zm00001d018977,RGBR,met1
Zm00001d018983,GreenCoverage,mkkk26
Zm00001d019004,GRVI,uce20
Zm00001d019005,GRVI,-
Zm00001d019020,MGRVI/veg/ExGR/GLI,-
Zm00001d019029,GRVI/IKAW,meg7
Zm00001d019037,ints,-
Zm00001d019039,ints,phd3
Zm00001d019043,GreenCoverage,-
Zm00001d019047,NDI,-
Zm00001d019048,GRVI/rn,pco144169
Zm00001d019049,RGBVI,-
Zm00001d019064,CIVE,sbt38
Zm00001d019065,veg,sbt12
Zm00001d019067,ints,-
Zm00001d019093,ints,LOC103632090
Zm00001d019107,GRVI,LOC109940837
Zm00001d019125,CIVE,pco103663
Zm00001d019139,CIVE,smt1
Zm00001d019145,GLI,cl50517_1c
Zm00001d019206,ints,IDP7274
Zm00001d019212,CIVE,-
Zm00001d019241,GRVI,-
Zm00001d019252,ExG,-
Zm00001d019276,GreenCoverage,-
Zm00001d019279,rn,cda1
Zm00001d019312,veg/ExG/ExGR,bgaf1
Zm00001d019314,MGRVI/ExGR/GreenCoverage,-
Zm00001d019327,MGRVI/veg/ExG/ExGR/GLI,nrat5
Zm00001d019328,NDI,traf41
Zm00001d019342,GLI2,vim104
Zm00001d019357,GRVI/NDI,-
Zm00001d019380,GLI2,-
Zm00001d019397,IKAW/MGRVI/veg/COM/ExG/ExGR/GLI/GreenCoverage,-
Zm00001d019421,veg,-
Zm00001d019459,MGRVI/veg/ExG/ExGR,LOC100193358
Zm00001d019475,COM,ereb128
Zm00001d019476,GRVI,-
Zm00001d019481,MGRVI/veg/COM/ExGR/GreenCoverage,AY110576
Zm00001d019483,veg/GLI2,IDP1643
Zm00001d019501,ExG,cl11249_1
Zm00001d019519,GLI,prh142
Zm00001d019522,GLI2,-
Zm00001d019573,RGBVI,caf1
Zm00001d019627,ints/rn,pza03723
Zm00001d019662,GLI,-
Zm00001d019670,MGRVI/veg/ExG/ExGR/GLI,mmp187
Zm00001d019699,RGBVI,-
Zm00001d019789,MGRVI/COM/ExG/GLI/GreenCoverage,-
Zm00001d019799,MGRVI/veg/ExGR/GLI,-
Zm00001d019814,gn,-
Zm00001d019901,ExG,-
Zm00001d019907,IKAW,sdg128
Zm00001d019920,CIVE/COM,-
Zm00001d019961,GRVI,-
Zm00001d020001,MGRVI/veg/ExG/ExGR/GLI,smc6
Zm00001d020030,RGBR,-
Zm00001d020036,ExR,vef101a
Zm00001d020082,CIVE/COM/GreenCoverage,-
Zm00001d020096,RGBVI/rn,-
Zm00001d020101,MGRVI/veg/ExG/ExGR,-
Zm00001d020160,GRVI/MGRVI/veg/ExG/ExGR,si945031b12
Zm00001d020162,CIVE,-
Zm00001d020185,CIVE/MGRVI/veg/COM/ExGR/GreenCoverage,LOC100217265
Zm00001d020202,GRVI/ints/GLI2,-
Zm00001d020205,GLI2,IDP3994
Zm00001d020225,RGBR/ExG/ExR,-
Zm00001d020233,veg/ExGR,LOC103643056
Zm00001d020237,COM,-
Zm00001d020246,CIVE,-
Zm00001d020261,CIVE,skus17
Zm00001d020292,GLI2,LOC100278886
Zm00001d020312,ExGR/ExR,GRMZM2G030528
Zm00001d020362,veg,-
Zm00001d020391,IKAW,-
Zm00001d020418,GRVI,Zm.020418
Zm00001d020428,GRVI,aco9
Zm00001d020453,IKAW,-
Zm00001d020463,ints,stp19
Zm00001d020515,GRVI/IKAW/COM/GLI/GreenCoverage,magi20317
Zm00001d020524,MGRVI/RGBVI/ExG/GLI/GreenCoverage,IDP575
Zm00001d020535,RGBR,Zm00001d020535
Zm00001d020572,IKAW,-
Zm00001d020590,MGRVI/COM/ExGR,alt5
Zm00001d020603,ExGR,-
Zm00001d020616,rn,-
Zm00001d020620,CIVE,dro1
Zm00001d020679,GLI/gn,-
Zm00001d020703,NDI,LOC103632842
Zm00001d020821,RGBR,-
Zm00001d020822,RGBR,-
Zm00001d020904,NDI/RGBR,-
Zm00001d020908,GLI2,cl299_1
Zm00001d020911,GLI2,upl8
Zm00001d020972,GLI2,nactf79
Zm00001d020973,IKAW,dnaj162
Zm00001d020989,rn,-
Zm00001d021000,GLI,GRMZM2G000264
Zm00001d021020,GLI2,cl1797_1e
Zm00001d021024,GLI2,pdcb39
Zm00001d021032,NDI,-
Zm00001d021036,RGBR/veg/ExR/GLI,-
Zm00001d021067,IKAW,-
Zm00001d021084,GreenCoverage,cl5360_1
Zm00001d021085,GreenCoverage,-
Zm00001d021145,RGBR,brd103
Zm00001d021162,NDI,pco110957
Zm00001d021196,RGBR,umc1481
Zm00001d021202,GLI,-
Zm00001d021225,GRVI,si496008f05
Zm00001d021241,gn,-
Zm00001d021302,NDI,-
Zm00001d021306,GRVI,-
Zm00001d021324,GLI,Zm00001d021324
Zm00001d021359,rn,-
Zm00001d021396,IKAW,LOC103633127
Zm00001d021403,ExG,idd7
Zm00001d021430,NDI,cl19589_1
Zm00001d021488,rn,-
Zm00001d021516,ints/GLI2,camta2
Zm00001d021519,ExG/GLI2,nbcs20
Zm00001d021526,ints,ndk1
Zm00001d021528,ints,-
Zm00001d021568,ExG,-
Zm00001d021613,ExR/GLI/gn,-
Zm00001d021621,GRVI/gn,LOC103633224
Zm00001d021629,ints/GLI2,mate42
Zm00001d021639,RGBVI,-
Zm00001d021745,NDI/veg/ExR/GreenCoverage,-
Zm00001d021815,GRVI,eif2
Zm00001d021838,MGRVI/veg/ExG/ExGR,si683018f12
Zm00001d021846,MGRVI/veg/COM/ExG/ExGR/ExR/GLI/GreenCoverage,IDP7822
Zm00001d021880,veg,si606044d07
Zm00001d021889,ExG,-
Zm00001d021893,ExG,impb7
Zm00001d021895,GreenCoverage,chn36
Zm00001d021945,RGBR,-
Zm00001d021972,ints/NDI/RGBVI,IDP5024
Zm00001d021985,gn,-
Zm00001d022010,MGRVI/veg/ExG/ExGR/GLI,-
Zm00001d022059,NDI,pdcb45
Zm00001d022179,COM,snrkII2
Zm00001d022199,GLI,dnaJ73
Zm00001d022225,GLI2,bhlh190
Zm00001d022257,MGRVI/RGBVI/veg/ExG/ExGR/GLI,-
Zm00001d022276,RGBR,GRMZM2G300709
Zm00001d022309,RGBR,-
Zm00001d022310,NDI,-
Zm00001d022335,RGBVI,-
Zm00001d022340,GLI,-
Zm00001d022381,ExG,-
Zm00001d022395,RGBVI,csu1151a
Zm00001d022417,gn,ddt4
Zm00001d022432,CIVE,cl25718_1b
Zm00001d022442,GRVI,bzip58
Zm00001d022491,NDI,cl8788_1
Zm00001d022498,NDI,-
Zm00001d022517,GRVI,nactf2
Zm00001d022545,COM,GRMZM2G130950
Zm00001d022573,ints,-
Zm00001d022618,RGBVI,-
Zm00001d022625,ints/GLI2,si486077f11b
Zm00001d022631,RGBR,-
Zm00001d022636,GLI2,npi611a
Zm00001d022703,GLI,-
Zm00001d022737,NDI,-
Zm00001d022758,rn,-
Zm00001d022783,RGBVI,-
Zm00001d022833,IKAW,-
Zm00001d022850,rn,-
Zm00001d022860,RGBVI,-
Zm00001d022924,ints,-
Zm00001d023062,CIVE/ints/MGRVI/RGBVI/veg/ExG/ExGR/GLI,-
Zm00001d023225,veg/ExGR,cl33564_1b
Zm00001d023243,IKAW/RGBR,GRMZM2G130062
Zm00001d023271,GRVI/NDI,GRMZM2G099074
Zm00001d023275,rn,-
Zm00001d023278,GRVI,LOC100282632
Zm00001d023303,rn,-
Zm00001d023311,GRVI/RGBR,cl10136_1
Zm00001d023314,RGBR,AW330564
Zm00001d023317,ints/GreenCoverage,rp1
Zm00001d023318,ExG,-
Zm00001d023323,rn/ExR,LOC103640712
Zm00001d023325,rn,LOC103640714
Zm00001d023337,NDI,LOC100383155
Zm00001d023392,GRVI,Zm00001d023392
Zm00001d023399,ExR,Zm00001d023399
Zm00001d023400,ExR,LOC103640750
Zm00001d023401,RGBR,AC218932.3_FG009
Zm00001d023402,NDI,glk4
Zm00001d023418,ExR,Zm00001d023418
Zm00001d023459,COM,-
Zm00001d023481,GRVI,-
Zm00001d023495,GLI2,-
Zm00001d023499,GRVI,-
Zm00001d023503,GRVI,IDP4088
Zm00001d023510,COM,acr27
Zm00001d023511,RGBVI,-
Zm00001d023520,GRVI,cl2951_1c
Zm00001d023538,ExGR,lacs11
Zm00001d023580,RGBVI,aldh25
Zm00001d023583,RGBVI,IDP1458
Zm00001d023585,GLI2,hdac8
Zm00001d023592,RGBR,aaap64
Zm00001d023630,GRVI,-
Zm00001d023636,ints,c3h54
Zm00001d023640,ExGR,ubp44
Zm00001d023651,NDI,gpm884
Zm00001d023792,NDI/veg,magi29945
Zm00001d023839,rn,php06005
Zm00001d023842,IKAW,-
Zm00001d023966,GreenCoverage,-
Zm00001d024011,RGBVI,-
Zm00001d024014,ExGR/ExR/gn,-
Zm00001d024018,ExR,-
Zm00001d024034,ints/COM,-
Zm00001d024035,ints/ExG,Zm00001d024035
Zm00001d024036,CIVE/ints/RGBR/GreenCoverage,-
Zm00001d024049,NDI/RGBR,-
Zm00001d024061,GLI,-
Zm00001d024066,NDI,-
Zm00001d024083,GRVI,-
Zm00001d024112,RGBR,-
Zm00001d024127,ExG,-
Zm00001d024154,gn,gc1
Zm00001d024205,CIVE,-
Zm00001d024208,GRVI,tps12
Zm00001d024238,RGBVI,-
Zm00001d024248,RGBR,ppr*-59040
Zm00001d024291,ints,-
Zm00001d024425,GRVI,pza02941
Zm00001d024428,GRVI,-
Zm00001d024429,ints,mcsf1
Zm00001d024496,ints,-
Zm00001d024505,GLI/gn,-
Zm00001d024552,GreenCoverage,-
Zm00001d024575,ExGR,-
Zm00001d024615,GRVI,bap3a
Zm00001d024621,NDI,-
Zm00001d024640,ints,-
Zm00001d024675,ExR/GLI,pco085368
Zm00001d024697,ExG,-
Zm00001d024710,IKAW,-
Zm00001d024718,GRVI,-
Zm00001d024767,GRVI,-
Zm00001d024788,rn,si707004g09
Zm00001d024796,GRVI,-
Zm00001d024842,RGBVI,-
Zm00001d024869,ints,-
Zm00001d024936,GRVI,cl32751_-1
Zm00001d024940,ExG,-
Zm00001d024947,ExG,-
Zm00001d025036,CIVE,LOC100285032
Zm00001d025044,ExG,-
Zm00001d025060,RGBVI,pco088744
Zm00001d025112,IKAW,-
Zm00001d025124,GLI,-
Zm00001d025130,ints/RGBR/RGBVI/gn,metp7
Zm00001d025174,rn,pco078062b
Zm00001d025204,ExG,-
Zm00001d025237,ExR,LOC100381633
Zm00001d025253,rn,-
Zm00001d025301,RGBVI,-
Zm00001d025323,NDI,prh90
Zm00001d025368,CIVE,-
Zm00001d025386,ExR/GLI,-
Zm00001d025397,GLI2,pco103363
Zm00001d025428,rn,-
Zm00001d025449,ints,mpkl6
Zm00001d025484,ExG,-
Zm00001d025491,NDI,alf14
Zm00001d025507,MGRVI/NDI/RGBVI/COM/ExR,LOC103641690
Zm00001d025554,ExG,Zm00001d025554
Zm00001d025593,GRVI,gpa2
Zm00001d025673,gn,-
Zm00001d025674,RGBVI,-
Zm00001d025714,GRVI,Zm00001d025714
Zm00001d025734,CIVE,-
Zm00001d025738,rn,-
Zm00001d025773,RGBVI,sam1
Zm00001d025797,CIVE/IKAW/MGRVI/NDI/veg/COM/ExGR,LOC103641819
Zm00001d025803,RGBVI,-
Zm00001d025816,GRVI,LOC732814
Zm00001d025819,IKAW,-
Zm00001d025830,IKAW,dcl4
Zm00001d025892,ints,-
Zm00001d025893,MGRVI/RGBVI/veg/COM/ExGR/GreenCoverage,AY106733
Zm00001d025921,NDI,IDP7421
Zm00001d025958,CIVE/GreenCoverage,aldh27
Zm00001d025962,RGBVI/ExGR,-
Zm00001d025979,IKAW,Zm00001d025979
Zm00001d026010,CIVE/MGRVI/COM,LOC103641914/Zm00001eb428010
Zm00001d026060,MGRVI/veg/ExG/ExGR/GLI,acs7
Zm00001d026089,ints/gn,-
Zm00001d026106,RGBR,glk41
Zm00001d026111,ints,ago1b
Zm00001d026127,gn,mmp71
Zm00001d026214,ExGR/ExR/GLI2,pco068000
Zm00001d026277,RGBVI,cpx2
Zm00001d026294,CIVE/COM,-
Zm00001d026300,GRVI,ago2b
Zm00001d026305,ints,ca2p7
Zm00001d026306,ints,si945031g08d
Zm00001d026337,gn,ss3
Zm00001d026362,rn,mybr71
Zm00001d026363,CIVE/COM,prh76
Zm00001d026370,gn,andr2
Zm00001d026437,COM/GreenCoverage,-
Zm00001d026452,IKAW,umc1176
Zm00001d026515,ints,vp10
Zm00001d026522,NDI/ExG,Zm00001eb432870
Zm00001d026533,rn,-
Zm00001d026535,RGBVI,cl13024_1
Zm00001d026543,MGRVI/NDI/COM/ExGR,c3h52/plap1
Zm00001d026564,rn,-
Zm00001d026574,ints,-
Zm00001d026586,ints,pao4
Zm00001d026607,CIVE/MGRVI/RGBVI/veg/COM/ExG/ExGR/ExR/GLI/GreenCoverage,AY109829
Zm00001d026608,COM,trx4
Zm00001d026635,gn,alla1
Zm00001d026738,gn,-
Zm00001d026796,rn,-
Zm00001d026848,rn,-
Zm00001d026990,RGBVI/ExG,-
Zm00001d027023,RGBR,-
Zm00001d027041,ints,-
Zm00001d027233,GLI2,-
Zm00001d027278,gn,thk1
Zm00001d027317,RGBR,rld2
Zm00001d027324,GRVI,Zm00001eb000780
Zm00001d027333,RGBVI,cl584_1(3)
Zm00001d027340,RGBR,umc2183
Zm00001d027342,RGBVI,gpm319
Zm00001d027359,CIVE/GRVI/COM,fus6
Zm00001d027392,IKAW/GLI/GLI2,cals9
Zm00001d027407,CIVE/COM/GreenCoverage,-
Zm00001d027415,MGRVI/veg/ExGR/ExR,atg1a
Zm00001d027425,GLI2,zag6
Zm00001d027445,veg,LOC100194359
Zm00001d027467,gn,-
Zm00001d027576,RGBVI,-
Zm00001d027603,NDI,-
Zm00001d027633,ints,IDP1437a
Zm00001d027646,ints,-
Zm00001d027665,NDI,LOC103644425
Zm00001d027803,veg,TIDP3300
Zm00001d027876,RGBR,IDP8570
Zm00001d027911,gn,bhlh200
Zm00001d027936,GRVI,vp5
Zm00001d027968,NDI,-
Zm00001d027980,RGBR,-
Zm00001d028000,CIVE/MGRVI/RGBVI/veg/ExG/ExGR/ExR/GLI/GreenCoverage,-
Zm00001d028013,NDI,pum1
Zm00001d028038,NDI,LOC103631953
Zm00001d028046,GLI,emp602
Zm00001d028062,NDI,caspl1/2
Zm00001d028069,RGBVI,ereb236
Zm00001d028070,RGBR/gn,ereb35
Zm00001d028125,rn,-
Zm00001d028164,ExGR,sfp3
Zm00001d028197,ints,-
Zm00001d028198,GLI2,-
Zm00001d028201,RGBR,pco109407
Zm00001d028230,CIVE/COM,stp2
Zm00001d028256,RGBR,dnaJ1
Zm00001d028272,gn,-
Zm00001d028312,GLI/gn,bhlh201
Zm00001d028358,GRVI,-
Zm00001d028373,ExR/GLI2/gn,toc35
Zm00001d028382,IKAW,-
Zm00001d028423,ints,Zm00001d028423
Zm00001d028426,gn,pco060763
Zm00001d028464,CIVE/MGRVI/veg/ExG/ExGR,si603033a03(106)
Zm00001d028473,CIVE,-
Zm00001d028495,CIVE,IDP6057
Zm00001d028528,COM/GLI2/GreenCoverage,LOC100502457
Zm00001d028633,IKAW/NDI,-
Zm00001d028640,CIVE,-
Zm00001d028649,RGBR,-
Zm00001d028699,RGBVI,-
Zm00001d028704,IKAW,-
Zm00001d028710,GRVI,cl53010_1a
Zm00001d028728,CIVE/veg/COM/ExGR/ExR/GreenCoverage,rlua7
Zm00001d028748,NDI,-
Zm00001d028777,ExG,ms9
Zm00001d028825,GLI2,-
Zm00001d028827,MGRVI/RGBR/veg/COM/ExG/ExGR/GLI/GreenCoverage,cl8740_1a
Zm00001d028840,NDI,-
Zm00001d028859,gn,-
Zm00001d028901,RGBR/GLI2,hcf3
Zm00001d028902,IKAW,IDP4324
Zm00001d028915,CIVE/GRVI/NDI,LOC100280294/LOC118471883/yige1
Zm00001d028926,GreenCoverage,invan7
Zm00001d028936,MGRVI/veg/ExGR/GLI,bzip52
Zm00001d028967,MGRVI/veg/ExG/ExGR/GLI,IDP7785
Zm00001d028975,ints/RGBR,lim432
Zm00001d029010,RGBR,c3h45
Zm00001d029048,ints,cdo938a
Zm00001d029055,veg,-
Zm00001d029090,CIVE,-
Zm00001d029096,gn,-
Zm00001d029134,IKAW/RGBVI/rn,-
Zm00001d029141,RGBVI,-
Zm00001d029142,ints,-
Zm00001d029168,veg,-
Zm00001d029183,RGBR,IDP739
Zm00001d029184,ints,-
Zm00001d029199,COM,-
Zm00001d029223,GRVI,-
Zm00001d029263,COM,pco063745
Zm00001d029272,ExR/GLI,-
Zm00001d029328,ExGR,-
Zm00001d029338,CIVE,-
Zm00001d029375,ExG/ExR,pza02791
Zm00001d029398,CIVE/COM/GreenCoverage,-
Zm00001d029415,GRVI,-
Zm00001d029486,MGRVI/veg/ExG/ExGR/ExR/GLI,-
Zm00001d029603,NDI,cl29906_1
Zm00001d029644,COM,-
Zm00001d029688,NDI,-
Zm00001d029715,ints,-
Zm00001d029717,RGBVI,-
Zm00001d029750,NDI,pco071369
Zm00001d029799,MGRVI/gn,-
Zm00001d029800,RGBVI,-
Zm00001d029818,CIVE,LOC100384314
Zm00001d029848,IKAW,pco098993
Zm00001d029873,CIVE,-
Zm00001d029992,NDI,-
Zm00001d030046,RGBVI,-
Zm00001d030053,rn,-
Zm00001d030062,rn,Zm00001d030062
Zm00001d030063,rn,-
Zm00001d030091,ExG,pco076960
Zm00001d030133,GLI,osca5
Zm00001d030164,rn,-
Zm00001d030183,GRVI,-
Zm00001d030207,GLI,ppr38
Zm00001d030208,GLI,-
Zm00001d030222,GLI2,-
Zm00001d030266,ints,cals10
Zm00001d030270,NDI,LOC100193937
Zm00001d030282,IKAW,LOC103638174
Zm00001d030297,ints,Zm00001d030297
Zm00001d030398,IKAW/COM,-
Zm00001d030421,ExG,-
Zm00001d030438,GRVI,-
Zm00001d030484,NDI,-
Zm00001d030534,IKAW,-
Zm00001d030548,rn,EU973925
Zm00001d030551,GLI2,IDP7590
Zm00001d030581,MGRVI/ExGR/ExR,IDP8049
Zm00001d030598,IKAW/rn/GLI,-
Zm00001d030609,GLI,pco074409
Zm00001d030639,GLI,TIDP3719
Zm00001d030669,gn,-
Zm00001d030712,gn,pme34
Zm00001d030777,CIVE/GRVI,-
Zm00001d030787,GLI,-
Zm00001d030809,veg,-
Zm00001d030819,RGBVI,LOC103640480
Zm00001d030822,rn,LOC103640481
Zm00001d030860,NDI/ExGR/ExR/GLI/GLI2/gn,osca9
Zm00001d030867,IKAW,-
Zm00001d030868,RGBR,nbcs1
Zm00001d030877,GRVI,-
Zm00001d031000,IKAW,-
Zm00001d031009,gn,cpp5
Zm00001d031047,CIVE/COM/GreenCoverage,caspl5
Zm00001d031139,GRVI,-
Zm00001d031178,ExR,cl4488_1
Zm00001d031192,ints,-
Zm00001d031210,MGRVI/veg/COM/GreenCoverage,IDP8533
Zm00001d031216,GRVI,-
Zm00001d031301,RGBR,-
Zm00001d031342,GRVI,-
Zm00001d031457,ExR/GLI,-
Zm00001d031466,NDI,wakl8
Zm00001d031467,NDI,-
Zm00001d031469,GRVI,-
Zm00001d031495,ints/COM/GreenCoverage,-
Zm00001d031549,CIVE/NDI/rn/GLI/GLI2,traf12/mab3
Zm00001d031568,rn,-
Zm00001d031587,GreenCoverage,si687012c04
Zm00001d031605,GRVI,-
Zm00001d031637,GreenCoverage,umc2151
Zm00001d031682,GLI,-
Zm00001d031700,RGBVI,-
Zm00001d031702,CIVE/MGRVI/COM/ExGR/ExR/GLI,-
Zm00001d031709,IKAW/ints,-
Zm00001d031807,rn,-
Zm00001d031847,MGRVI/veg/ExGR/GLI,Zm00001d031847
Zm00001d031849,RGBVI,pco095480
Zm00001d031943,RGBVI,krp4
Zm00001d031956,GLI2,magi53573
Zm00001d031957,GLI2,-
Zm00001d031986,ExR,-
Zm00001d031987,ExR,-
Zm00001d032004,GRVI,-
Zm00001d032032,GRVI,myb167
Zm00001d032078,gn,-
Zm00001d032096,GRVI,arid9
Zm00001d032101,gn,IDP8950
Zm00001d032165,ints,-
Zm00001d032234,COM,-
Zm00001d032238,veg/ExGR,umc1278
Zm00001d032256,CIVE,-
Zm00001d032267,MGRVI/veg/COM/ExG/ExGR/GreenCoverage,si687009b11
Zm00001d032319,GRVI,cl10492_1
Zm00001d032363,COM/GreenCoverage,-
Zm00001d032371,ints,-
Zm00001d032407,COM,-
Zm00001d032408,CIVE,mmp173
Zm00001d032445,GRVI,-
Zm00001d032504,NDI,skus9
Zm00001d032509,ExR/GLI,-
Zm00001d032552,GRVI,nxd1
Zm00001d032566,ExG,-
Zm00001d032567,IKAW,TIDP3739
Zm00001d032598,ints,IDP174
Zm00001d032605,gn,phi002/npi447a
Zm00001d032606,CIVE/NDI,-
Zm00001d032633,RGBVI,prmt6
Zm00001d032644,GRVI,Zm00001d032644
Zm00001d032664,MGRVI/veg/ExGR/GLI,ckx6
Zm00001d032666,COM,IDP6784
Zm00001d032695,gn,mdh4
Zm00001d032729,ints,-
Zm00001d032815,ExG,IDP4150
Zm00001d032830,NDI,-
Zm00001d032835,rn,-
Zm00001d032868,RGBVI,Zm00001d032868
Zm00001d032921,GreenCoverage,LOC100194055
Zm00001d032960,RGBVI/ExG,-
Zm00001d032961,MGRVI/veg/COM/GreenCoverage,an1
Zm00001d032962,MGRVI/veg/ExGR/ExR/GLI,mmp22
Zm00001d032967,CIVE,ereb223
Zm00001d032973,CIVE/MGRVI/veg/COM/ExGR/GLI/GreenCoverage,gpat7
Zm00001d032978,RGBR,LOC103643579
Zm00001d032980,GRVI,-
Zm00001d032985,RGBR,-
Zm00001d032990,NDI,sdg123
Zm00001d033040,CIVE/COM/GreenCoverage,-
Zm00001d033078,ints,-
Zm00001d033148,GRVI/IKAW/rn,LOC103643660
Zm00001d033159,CIVE,si605017d12b
Zm00001d033171,rn,-
Zm00001d033241,rn/ExG,caat1
Zm00001d033260,MGRVI/veg/ExG/ExGR,-
Zm00001d033296,NDI,mate14
Zm00001d033303,ints,rth1
Zm00001d033361,GRVI,-
Zm00001d033370,NDI,TIDP3263
Zm00001d033383,ints,thic1
Zm00001d033414,ExR,mmp149b
Zm00001d033420,RGBR,-
Zm00001d033422,GLI2,gbp2
Zm00001d033451,ints,umc2047
Zm00001d033456,CIVE,-
Zm00001d033469,ints/RGBR,fdx7
Zm00001d033493,MGRVI/veg/ExGR/GLI,caat5
Zm00001d033496,GLI2,nas3
Zm00001d033571,CIVE/ints/rn,-
Zm00001d033597,MGRVI/veg/ExGR/GLI,clc1
Zm00001d033598,MGRVI/veg/ExGR/GLI,-
Zm00001d033635,ExG,-
Zm00001d033641,ExG,pco079257
Zm00001d033645,RGBR,hin5
Zm00001d033651,IKAW,pco134646
Zm00001d033655,NDI,mkkk13
Zm00001d033682,IKAW,ami2
Zm00001d033726,IKAW,IDP8321
Zm00001d033788,RGBVI,pco124283
Zm00001d033837,GLI2,IDP738
Zm00001d033853,RGBVI/gn,-
Zm00001d033895,GRVI/ints,si947005a04(18)
Zm00001d033924,RGBVI,-
Zm00001d033927,ints,-
Zm00001d033929,ints,lpa3
Zm00001d033934,CIVE/NDI/GLI2,-
Zm00001d033935,ints,smg1
Zm00001d034018,IKAW,tlk1
Zm00001d034034,NDI,pco115518b
Zm00001d034046,RGBVI,-
Zm00001d034088,RGBR,-
Zm00001d034118,ints/GLI,cyp35
Zm00001d034157,ints,-
Zm00001d034164,IKAW,-
Zm00001d034166,IKAW/gn,-
Zm00001d034212,ints,hb8
Zm00001d034220,COM,-
Zm00001d034253,NDI,emp18
Zm00001d034263,NDI,umc161a
Zm00001d034279,GLI2,-
Zm00001d034321,ExG,-
Zm00001d034409,gn,cl8889_1
Zm00001d034420,NDI,gdh1
Zm00001d034492,rn,vps35
Zm00001d034496,RGBR,-
Zm00001d034510,rn,umc1862
Zm00001d034542,ExR,Zm00001d034542
Zm00001d034547,CIVE/COM/GreenCoverage,umc1118
Zm00001d034552,RGBVI,pgl103
Zm00001d034560,COM,-
Zm00001d034577,RGBR,-
Zm00001d034578,CIVE/MGRVI/RGBVI/veg/COM/ExG/ExGR/ExR/GLI/GreenCoverage,-
Zm00001d034582,CIVE/MGRVI/COM/ExG/ExGR/ExR,LOC103644232
Zm00001d034586,GRVI/RGBVI/rn/ExG,LOC100191364
Zm00001d034616,NDI,Zm00001d034616
Zm00001d034624,IKAW,-
Zm00001d034629,GLI2,ts6
Zm00001d034651,rn,dof27
Zm00001d034693,CIVE,-
Zm00001d034699,CIVE/RGBVI/COM,-
Zm00001d034711,RGBVI,-
Zm00001d034713,GLI2,pco104500
Zm00001d034735,GRVI,-
Zm00001d034736,GRVI,cps1
Zm00001d034738,ints,prh65
Zm00001d034768,NDI,umc1331
Zm00001d034779,GLI2,-
Zm00001d034805,veg,-
Zm00001d034810,IKAW/rn/GLI2,-
Zm00001d034851,RGBR/RGBVI,ask1
Zm00001d034929,ExGR,lug3
Zm00001d034930,GRVI,-
Zm00001d034949,RGBR/gn,gbp1
Zm00001d034951,gn,-
Zm00001d034962,IKAW,emb2
Zm00001d035048,gn,-
Zm00001d035049,gn,-
Zm00001d035062,GRVI,-
Zm00001d035139,RGBVI,Zm00001d035139
Zm00001d035164,COM,-
Zm00001d035166,IKAW,aaap43/aaap44
Zm00001d035203,NDI,-
Zm00001d035204,rn,-
Zm00001d035225,rn,-
Zm00001d035246,RGBVI,TIDP3648
Zm00001d035288,NDI,pco124941
Zm00001d035298,MGRVI/veg/ExG/ExGR/ExR/GLI,IDP1988
Zm00001d035349,ExR,-
Zm00001d035351,gn,-
Zm00001d035371,RGBR,-
Zm00001d035380,GRVI/RGBVI,-
Zm00001d035439,RGBVI,knox5
Zm00001d035444,IKAW,-
Zm00001d035445,gn,gsh1
Zm00001d035468,GLI2,-
Zm00001d035484,GRVI,-
Zm00001d035543,MGRVI/veg/ExGR,-
Zm00001d035563,IKAW,-
Zm00001d035595,RGBVI,dhar3
Zm00001d035601,CIVE,LOC100280126
Zm00001d035747,RGBVI,ago1a
Zm00001d035843,rn,-
Zm00001d035934,RGBR,umc1444
Zm00001d035947,CIVE/GreenCoverage,pco085166
Zm00001d035948,GLI,NP_001151357.1
Zm00001d035953,IKAW/gn,-
Zm00001d035960,RGBR,smk7
Zm00001d036006,CIVE/GreenCoverage,-
Zm00001d036013,ints,-
Zm00001d036024,GRVI,akr1
Zm00001d036037,CIVE/COM,-
Zm00001d036166,CIVE,-
Zm00001d036247,ExG,pco082212
Zm00001d036280,RGBVI,cl34788_1b
Zm00001d036324,ExG,-
Zm00001d036357,gn,-
Zm00001d036404,GRVI/rn,-
Zm00001d036418,NDI,dbb9
Zm00001d036443,NDI,Zm00001d036443
Zm00001d036454,GRVI,ppr339
Zm00001d036495,GLI,sert3
Zm00001d036527,NDI,-
Zm00001d036531,RGBR,-
Zm00001d036537,CIVE,-
Zm00001d036571,RGBVI,-
Zm00001d036579,RGBVI/ExR,-
Zm00001d036592,GRVI,-
Zm00001d036602,GRVI,knr6
Zm00001d036655,RGBVI,-
Zm00001d036679,MGRVI/veg/ExGR/GLI,-
Zm00001d036698,RGBVI,l15
Zm00001d036749,RGBR,Zm00001d036749
Zm00001d036763,ints,-
Zm00001d036790,IKAW,arid8
Zm00001d036862,RGBVI,-
Zm00001d036864,NDI,-
Zm00001d036865,GLI,-
Zm00001d036883,gn,mybr23
Zm00001d036886,RGBVI,-
Zm00001d036897,GLI2,IDP7016
Zm00001d036912,GRVI,-
Zm00001d036922,MGRVI/veg/ExG/ExGR/GLI,-
Zm00001d036936,IKAW,cl17797_1a
Zm00001d036988,rn,IDP7883
Zm00001d036992,GRVI,-
Zm00001d036993,GRVI,-
Zm00001d037038,rn,-
Zm00001d037050,GRVI,-
Zm00001d037058,GRVI,AY108825
Zm00001d037085,RGBVI,-
Zm00001d037100,ExG,impb22
Zm00001d037114,RGBVI,er2
Zm00001d037156,IKAW,pco076488
Zm00001d037195,ints,-
Zm00001d037196,ints,-
Zm00001d037239,RGBVI,pco091529
Zm00001d037251,rn/GLI2,-
Zm00001d037271,RGBR,cl50626_1
Zm00001d037294,rn,-
Zm00001d037304,CIVE/COM,-
Zm00001d037315,MGRVI/veg/ExGR/ExR/GLI,nactf69/nactf8/Zm00001d037315
Zm00001d037395,IKAW,-
Zm00001d037401,ExR/GLI2/gn/GreenCoverage,cl5367_1b
Zm00001d037407,MGRVI,-
Zm00001d037468,ints,phos4
Zm00001d037491,GRVI,-
Zm00001d037511,GRVI,-
Zm00001d037531,gn,ereb9
Zm00001d037536,GRVI/gn,LOC100381884
Zm00001d037546,ints,LOC103630051
Zm00001d037559,GLI2,-
Zm00001d037590,MGRVI/veg/ExGR/GLI,pdi7
Zm00001d037608,RGBR/ExG,-
Zm00001d037628,rn,-
Zm00001d037659,rn,-
Zm00001d037760,ints,dgati2
Zm00001d037768,ExR/GLI,thr3
Zm00001d037772,CIVE,si945016f06
Zm00001d037808,rn,cl50525_1
Zm00001d037864,rn,dnaJ63
Zm00001d037920,ints,-
Zm00001d037925,RGBR/ExG,srp31
Zm00001d037927,ints,-
Zm00001d037940,ints/RGBR,-
Zm00001d037966,ExG,fb1
Zm00001d037974,RGBVI,-
Zm00001d037976,ints,-
Zm00001d037977,ints,-
Zm00001d038007,ExG,pza02478
Zm00001d038025,rn,-
Zm00001d038043,RGBR,-
Zm00001d038084,GLI2,IDP7332
Zm00001d038091,ExR/GLI2,npi252
Zm00001d038093,ints/RGBVI,LOC100278777
Zm00001d038106,RGBR,LOC103630320
Zm00001d038149,RGBVI,cl50727_1
Zm00001d038150,IKAW,-
Zm00001d038175,ints,iaa29
Zm00001d038186,NDI,ptr2
Zm00001d038194,CIVE/ints/RGBR/COM/GreenCoverage,cl8385_1
Zm00001d038213,RGBVI,-
Zm00001d038224,CIVE/COM/GreenCoverage,fbl2
Zm00001d038266,IKAW,pco140565
Zm00001d038273,gn,coi3
Zm00001d038302,ExG,ros1
Zm00001d038317,ExR,-
Zm00001d038328,RGBVI,-
Zm00001d038329,ints,tm18
Zm00001d038330,rn,TIDP2966
Zm00001d038409,NDI,cdpk24
Zm00001d038449,GRVI/ExR/gn,si614027e10/aldr3
Zm00001d038463,GRVI/MGRVI/RGBR/veg/COM/ExG/ExGR/GLI,-
Zm00001d038475,ExR,reas1
Zm00001d038480,ints,umc1912
Zm00001d038485,RGBVI/GLI,LOC100275543
Zm00001d038500,NDI,-
Zm00001d038507,ExG,-
Zm00001d038536,GRVI,CL10251_1
Zm00001d038577,NDI,-
Zm00001d038587,RGBVI/rn,-
Zm00001d038625,GLI2,sir1
Zm00001d038684,ExR/gn,lrx12
Zm00001d038760,IKAW,-
Zm00001d038775,GLI2,pfk5
Zm00001d038797,ints,IDP8562
Zm00001d038806,GRVI,ms42
Zm00001d038812,rn,hox2
Zm00001d038834,GRVI,-
Zm00001d038835,CIVE,rlsb2
Zm00001d038861,gn,iqd17
Zm00001d038915,ints,wakl37
Zm00001d038963,ExR,-
Zm00001d038982,MGRVI/veg/COM/ExG/ExGR/ExR/GLI/GreenCoverage,cl42689_2
Zm00001d038989,GLI2,ropgef11
Zm00001d039012,MGRVI/RGBVI/veg/ExG/ExGR/GLI,-
Zm00001d039022,COM,-
Zm00001d039051,IKAW/NDI/RGBVI,Zm00001eb296190/Zm00001eb296200
Zm00001d039064,ints,-
Zm00001d039072,GRVI/ints,spa2
Zm00001d039096,ExGR,-
Zm00001d039138,RGBVI,TIDP2736
Zm00001d039154,MGRVI/ExGR/ExR/GLI/gn,pco129004(525)
Zm00001d039180,ExG,cl9062_1
Zm00001d039193,MGRVI/veg/ExGR/ExR,ppr371
Zm00001d039231,GLI2,-
Zm00001d039266,GRVI,nlp6/acm1
Zm00001d039274,RGBVI,LOC100193778/acsn3
Zm00001d039284,IKAW,kob1
Zm00001d039304,GLI2,umc1780
Zm00001d039325,CIVE/IKAW/RGBVI/COM/gn,-
Zm00001d039336,GRVI,-
Zm00001d039343,NDI,-
Zm00001d039349,GLI2,-
Zm00001d039369,MGRVI/veg/COM/GLI/GreenCoverage,cl44621_1b
Zm00001d039380,NDI,si614066a10
Zm00001d039397,ExG,-
Zm00001d039411,NDI,pco096800
Zm00001d039417,RGBVI,-
Zm00001d039421,ints,-
Zm00001d039446,MGRVI,dpold3a
Zm00001d039521,GLI,si486097h05
Zm00001d039537,GLI,Zm00001d039537
Zm00001d039540,COM/GreenCoverage,-
Zm00001d039551,ExG,-
Zm00001d039563,CIVE/COM,npi249a
Zm00001d039612,CIVE/MGRVI/veg/ExG/ExGR/GLI/GreenCoverage,dek5
Zm00001d039622,CIVE/MGRVI/veg/COM/ExG/ExR/GLI/GreenCoverage,-
Zm00001d039628,NDI,-
Zm00001d039632,rn,-
Zm00001d039695,ints,Zm00001d039695
Zm00001d039702,GreenCoverage,-
Zm00001d039710,NDI,-
Zm00001d039758,ints,gpm697
Zm00001d039776,ExG,cnr8
Zm00001d039807,ints,-
Zm00001d039840,RGBR,hct7
Zm00001d039855,rn,-
Zm00001d039858,rn,-
Zm00001d039903,ints/gn,-
Zm00001d039904,ints,skd1
Zm00001d039934,RGBVI,-
Zm00001d039963,MGRVI/veg/ExGR,pco081323
Zm00001d039998,GRVI,-
Zm00001d040005,ExG,-
Zm00001d040042,NDI,-
Zm00001d040046,CIVE/ints/NDI,TIDP6544
Zm00001d040049,RGBVI,-
Zm00001d040059,ints,pco131712
Zm00001d040066,NDI,-
Zm00001d040094,ints,wakl23
Zm00001d040100,CIVE/COM/GreenCoverage,-
Zm00001d040113,RGBR,pebp10
Zm00001d040116,ints,-
Zm00001d040146,IKAW,-
Zm00001d040166,rn,atm1
Zm00001d040209,RGBR,dnaJ33
Zm00001d040278,NDI,umc2261
Zm00001d040332,CIVE/MGRVI/veg/COM/ExG/GreenCoverage,-
Zm00001d040369,GLI2,-
Zm00001d040386,IKAW/RGBVI/GreenCoverage,-
Zm00001d040392,RGBVI,-
Zm00001d040416,MGRVI/veg/ExGR/GLI,AY109870
Zm00001d040431,RGBR,-
Zm00001d040459,ExR,cl34559_1/dnaj123
Zm00001d040470,MGRVI/RGBR/RGBVI/veg/ExR/gn,umc1347
Zm00001d040582,GreenCoverage,LOC100193421
Zm00001d040583,GreenCoverage,LOC100193421
Zm00001d040596,MGRVI/veg/ExGR,-
Zm00001d040629,ints,IDP7467
Zm00001d040632,CIVE,-
Zm00001d040689,RGBVI/gn,lug5
Zm00001d040696,gn,caf2
Zm00001d040802,ints,pex4
Zm00001d040833,GRVI,-
Zm00001d040843,GRVI,-
Zm00001d040873,RGBR,cl38706_1
Zm00001d040901,GLI2,nrg6
Zm00001d041052,GLI2,-
Zm00001d041056,IKAW/ints,arftf8
Zm00001d041073,RGBVI/GLI,-
Zm00001d041075,IKAW,-
Zm00001d041083,ints/NDI,figl1
Zm00001d041145,CIVE,-
Zm00001d041183,RGBVI,cl19555_1b
Zm00001d041187,IKAW/rn/ExG/GLI2/gn,-
Zm00001d041202,rn,-
Zm00001d041216,IKAW/ExR,uce6
Zm00001d041235,ints,-
Zm00001d041305,GRVI,-
Zm00001d041356,MGRVI/veg/ExG/ExGR/ExR/GLI,-
Zm00001d041395,MGRVI/ExGR/ExR/GLI2,ubp17
Zm00001d041425,RGBR/GreenCoverage,-
Zm00001d041475,IKAW/NDI,-
Zm00001d041515,GLI2,-
Zm00001d041614,RGBR,-
Zm00001d041640,rn,GRMZM2G032198
Zm00001d041692,IKAW/GLI2,-
Zm00001d041707,ints,si945034e12a
Zm00001d041755,CIVE/veg/COM/GLI/gn/GreenCoverage,-
Zm00001d041758,ExG,gpm628
Zm00001d041772,rn,gst18
Zm00001d041799,rn/ExR,-
Zm00001d041801,GRVI,-
Zm00001d041816,MGRVI/COM/ExG/ExGR/GLI/GreenCoverage,Zm00001eb138630
Zm00001d041823,IKAW/ints,-
Zm00001d041889,MGRVI/veg/ExG/ExGR/GLI/GreenCoverage,-
Zm00001d041988,IKAW,LOC100283973
Zm00001d042009,ExG,-
Zm00001d042141,veg,lic4
Zm00001d042163,RGBR,-
Zm00001d042166,GLI2,-
Zm00001d042191,CIVE,-
Zm00001d042212,RGBVI,ldp1
Zm00001d042233,GRVI/RGBR,cl11440_1b
Zm00001d042259,IKAW,-
Zm00001d042263,RGBR,bhlh175
Zm00001d042324,rn,-
Zm00001d042327,rn,-
Zm00001d042398,rn/gn,LOC100273881
Zm00001d042401,ints,-
Zm00001d042413,MGRVI/RGBR/veg/ExGR/GLI,-
Zm00001d042470,GRVI,umc1973
Zm00001d042471,GRVI,-
Zm00001d042508,rn,ppr182
Zm00001d042526,RGBVI,-
Zm00001d042534,ExG,-
Zm00001d042542,rn,-
Zm00001d042553,rn/GLI,-
Zm00001d042558,ExR/GLI/GLI2,-
Zm00001d042600,NDI,Zm00001d042600
Zm00001d042673,NDI,Zm00001d042673
Zm00001d042706,IKAW,Zm00001d042706
Zm00001d042708,GreenCoverage,-
Zm00001d042747,ints,cl36451_1
Zm00001d042802,ExR,LOC100384169
Zm00001d042812,ints/COM/GreenCoverage,Zm00001d042812
Zm00001d042846,gn,-
Zm00001d042871,rn,-
Zm00001d042872,NDI,caspl15
Zm00001d042896,ints,-
Zm00001d042974,IKAW/RGBR/GreenCoverage,hdac4
Zm00001d043022,ints/COM,-
Zm00001d043088,COM,tlc7
Zm00001d043102,ExG,-
Zm00001d043103,ExG,-
Zm00001d043155,ExG,-
Zm00001d043191,veg/ExGR,-
Zm00001d043216,CIVE,sbt20
Zm00001d043274,NDI,IDP4829
Zm00001d043277,RGBVI/gn,cl58174_1a
Zm00001d043286,GRVI,-
Zm00001d043305,ExG,GRMZM2G020865
Zm00001d043352,veg/ExG,-
Zm00001d043387,NDI,cl14612_1a
Zm00001d043392,NDI,cl9001_1a
Zm00001d043404,GLI2,IDP6940
Zm00001d043420,rn,bzip53
Zm00001d043425,veg,-
Zm00001d043429,NDI,-
Zm00001d043434,IKAW/NDI/RGBR,Zm00001eb152970
Zm00001d043439,IKAW,LOC100381924
Zm00001d043457,GRVI,Zm00001eb153160
Zm00001d043500,RGBVI/gn,voz4
Zm00001d043502,GRVI/NDI,IDP4949
Zm00001d043538,NDI,burp2
Zm00001d043598,MGRVI,pdr1
Zm00001d043604,NDI,-
Zm00001d043612,GRVI,flz14
Zm00001d043615,GRVI,umc2273
Zm00001d043635,ints,-
Zm00001d043636,ints,-
Zm00001d043663,GRVI,wrky73
Zm00001d043703,RGBR,sbei2
Zm00001d043779,MGRVI/veg/ExG/ExGR/GLI,pth1
Zm00001d043784,MGRVI/veg/ExG/ExGR/GLI,-
Zm00001d043813,gn,-
Zm00001d043825,GreenCoverage,-
Zm00001d043835,NDI/GLI2/gn,npi91a
Zm00001d043840,IKAW,orc4
Zm00001d043900,NDI/COM,mkkk45
Zm00001d043907,NDI,-
Zm00001d043929,GRVI,pco145505
Zm00001d043937,CIVE/MGRVI/veg/COM/ExG/ExGR/GLI/GreenCoverage,wox9b
Zm00001d043959,IKAW/RGBR,-
Zm00001d043965,GRVI,-
Zm00001d043967,RGBR,-
Zm00001d043970,IKAW/gn,cl26679_1
Zm00001d043971,IKAW,-
Zm00001d043979,IKAW,-
Zm00001d043982,IKAW,-
Zm00001d043991,ints,dba2
Zm00001d043992,RGBVI,bzip1
Zm00001d044023,MGRVI/veg/ExGR/ExR/GLI,-
Zm00001d044075,NDI,Zm00001d044075
Zm00001d044088,MGRVI/veg/ExG/ExGR/ExR/GLI,-
Zm00001d044104,veg/GreenCoverage,LOC103651450
Zm00001d044111,ints,-
Zm00001d044159,RGBVI,cyp11
Zm00001d044183,GRVI,-
Zm00001d044211,NDI,Zm00001eb159720
Zm00001d044212,ints,pco122073
Zm00001d044225,RGBVI,jih1
Zm00001d044251,CIVE/COM/GreenCoverage,IDP8169
Zm00001d044260,MGRVI/veg/ExG/ExGR/GLI,c3h2
Zm00001d044273,rn,pco132137
Zm00001d044301,veg,prh13
Zm00001d044313,ints,LOC103652598
Zm00001d044327,GreenCoverage,GRMZM2G059392
Zm00001d044387,CIVE/COM/GreenCoverage,aaap27/aaap26
Zm00001d044389,NDI,cbl5
Zm00001d044426,ExG,dnaJ38
Zm00001d044437,NDI,-
Zm00001d044441,NDI,pco133953a
Zm00001d044447,NDI,-
Zm00001d044450,IKAW,-
Zm00001d044465,NDI/veg,-
Zm00001d044479,COM,-
Zm00001d044496,MGRVI/veg/COM/ExG/GLI/GreenCoverage,ppr647
Zm00001d044498,veg,LOC100216862
Zm00001d044506,RGBR,LOC103651618
Zm00001d044507,CIVE/ints,fad14
Zm00001d044515,RGBR/GLI2/gn,-
Zm00001d044523,veg/COM/ExG/ExGR,-
Zm00001d044533,ints,cax3
Zm00001d044570,MGRVI/veg/ExGR,-
Zm00001d044584,IKAW/veg,cals2
Zm00001d044599,COM,phot1
Zm00001d044631,NDI,LOC103651659
Zm00001d044648,NDI,abf1
Zm00001d044649,gn,si618031b05b
Zm00001d044650,ints,umc2048
Zm00001d044654,IKAW,-
Zm00001d044656,CIVE/ints,-
Zm00001d044670,ints,IDP3833
Zm00001d044704,NDI,Zm00001d044704
Zm00001d044706,NDI,-
Zm00001d044738,GRVI/GLI/GLI2,-
Zm00001d044743,RGBVI/gn,-
Zm00001d044746,GLI,-
Zm00001d044756,RGBR,-
Zm00001d044757,COM/ExG,IDP1637
Zm00001d044778,GRVI,-
Zm00001d044834,NDI,-
Zm00001d044853,MGRVI,-
Zm00001d044867,CIVE,-
Zm00001d044878,IKAW/gn,dnaJ83
Zm00001d044911,GLI2,-
Zm00001d044940,ExG,bzip100
Zm00001d044957,gn,-
Zm00001d044981,IKAW,-
Zm00001d044982,IKAW,cl30679_1
Zm00001d045159,RGBVI,umc2219
Zm00001d045206,GLI,omt2
Zm00001d045235,RGBR,-
Zm00001d045237,rn,-
Zm00001d045244,IKAW,-
Zm00001d045256,NDI/GLI2,LOC100278185
Zm00001d045260,ExGR,-
Zm00001d045316,rn,-
Zm00001d045323,ExR/gn,dbb11/prf5
Zm00001d045353,RGBVI,-
Zm00001d045423,NDI,saur72
Zm00001d045466,rn,-
Zm00001d045500,IKAW,-
Zm00001d045501,RGBVI/ExR/gn,LOC100381920
Zm00001d045507,RGBVI,gras42
Zm00001d045518,MGRVI/veg/ExG/ExGR,ppr470
Zm00001d045555,ints,fdad1
Zm00001d045624,GRVI,-
Zm00001d045644,rn,-
Zm00001d045677,CIVE,-
Zm00001d045725,GLI2,impb10
Zm00001d045747,gn,AM490196a
Zm00001d045782,RGBR/rn/ExG,-
Zm00001d045837,CIVE,TIDP6523
Zm00001d045873,NDI,IDP2406
Zm00001d045886,RGBR/rn/ExR,LOC109942512
Zm00001d045927,GLI2,dgatii2
Zm00001d045947,GreenCoverage,-
Zm00001d045948,GRVI/NDI,mate46
Zm00001d045962,GRVI,otsl4
Zm00001d045968,ints,-
Zm00001d046033,CIVE/MGRVI/RGBVI/veg/COM/ExGR/ExR/gn/GreenCoverage,-
Zm00001d046039,gn,-
Zm00001d046060,ExR,-
Zm00001d046112,GLI,spms1
Zm00001d046141,CIVE/veg,-
Zm00001d046179,rn,-
Zm00001d046221,ExR/GLI2,LOC103639973
Zm00001d046225,RGBR,-
Zm00001d046247,ExG,-
Zm00001d046274,NDI,-
Zm00001d046286,RGBR,-
Zm00001d046304,NDI,-
Zm00001d046371,RGBR,-
Zm00001d046416,gn,-
Zm00001d046529,rn,-
Zm00001d046534,ExR/GLI2,IDP7431
Zm00001d046545,IKAW/ints,knl1
Zm00001d046579,GRVI/GLI2,haf101b
Zm00001d046595,rn,umc2672
Zm00001d046605,GRVI,-
Zm00001d046636,GRVI,-
Zm00001d046688,NDI,platz16
Zm00001d046689,rn,-
Zm00001d046722,ExG,-
Zm00001d046742,ExG,AW257883
Zm00001d046754,MGRVI/ExGR,-
Zm00001d046833,RGBVI,-
Zm00001d046852,NDI,-
Zm00001d046884,NDI,-
Zm00001d046905,IKAW,vln3
Zm00001d046938,NDI,-
Zm00001d047003,GreenCoverage,-
Zm00001d047046,rn,dek66
Zm00001d047051,GRVI/MGRVI/ExR/GLI2,-
Zm00001d047062,NDI,-
Zm00001d047072,rn,ect2
Zm00001d047074,RGBR,pza03470
Zm00001d047123,RGBVI,gras71
Zm00001d047181,RGBR,gwt1
Zm00001d047183,NDI/ExG,-
Zm00001d047218,ExG,cox6b
Zm00001d047253,RGBR,sus1
Zm00001d047267,GRVI,-
Zm00001d047272,CIVE,cl11221_1
Zm00001d047275,COM/GreenCoverage,Zm00001d047275
Zm00001d047283,gn,pco061972
Zm00001d047311,RGBR,-
Zm00001d047392,CIVE,cl47266_1b
Zm00001d047401,gn,SCL25A
Zm00001d047418,RGBVI,-
Zm00001d047451,IKAW,GRMZM2G167338
Zm00001d047468,RGBR,apt1
Zm00001d047482,NDI,-
Zm00001d047483,IKAW,-
Zm00001d047494,ints/RGBR/ExR,-
Zm00001d047501,RGBR/RGBVI,LOC103639157
Zm00001d047521,IKAW,lbd48
Zm00001d047557,RGBR,-
Zm00001d047592,ints/NDI,ogdh2
Zm00001d047593,gn,-
Zm00001d047595,gn,iaa51
Zm00001d047662,rn,-
Zm00001d047683,RGBR,Zm00001d047683
Zm00001d047689,ints,-
Zm00001d047706,ExG,-
Zm00001d047729,MGRVI/ExGR/ExR/GLI2,-
Zm00001d047742,GLI2,mads28
Zm00001d047747,GLI2,txln1
Zm00001d047770,NDI,si660060f06f
Zm00001d047776,ExG,-
Zm00001d047780,IKAW,mrpa11
Zm00001d047812,rn,-
Zm00001d047863,RGBVI,AY110141
Zm00001d047873,NDI,-
Zm00001d047894,RGBR,-
Zm00001d047938,ints,-
Zm00001d047946,RGBR,rad17
Zm00001d047973,rn,-
Zm00001d047979,GRVI/rn,GRMZM2G166684
Zm00001d047989,gn,-
Zm00001d047991,CIVE/MGRVI/veg/COM/ExG/ExGR/GLI/GreenCoverage,-
Zm00001d048005,GRVI,-
Zm00001d048008,GLI,pub51
Zm00001d048034,NDI,-
Zm00001d048055,IKAW,pdcb54
Zm00001d048086,ExGR,rfa1
Zm00001d048090,IKAW,pap27
Zm00001d048137,IKAW,cl4756_1b
Zm00001d048191,GRVI,-
Zm00001d048201,veg,mips2
Zm00001d048205,NDI,-
Zm00001d048336,ints,pco105718
Zm00001d048342,NDI,-
Zm00001d048368,NDI,IDP65
Zm00001d048410,RGBVI,cl35311_1
Zm00001d048420,NDI,pco073813
Zm00001d048421,GRVI,-
Zm00001d048433,gn,-
Zm00001d048437,ExG,iqd24
Zm00001d048450,NDI,cl36375_1b
Zm00001d048461,IKAW,bf1
Zm00001d048467,ExR/GLI2,-
Zm00001d048491,NDI,LOC100501614
Zm00001d048494,CIVE/veg/ExGR/ExR/gn,TIDP2930
Zm00001d048495,veg/ExGR/ExR/gn,sbt53
Zm00001d048511,GRVI,cl584_1b
Zm00001d048529,NDI,-
Zm00001d048535,NDI,si605011d06b
Zm00001d048536,rn,AW216329
Zm00001d048539,ints,Zm00001eb404340
Zm00001d048594,ints,-
Zm00001d048596,COM/GreenCoverage,IDP8091
Zm00001d048603,CIVE/COM,gras83/gras26
Zm00001d048606,rn,-
Zm00001d048637,ExG,-
Zm00001d048646,ExG,-
Zm00001d048663,GRVI,Zm00001eb165170
Zm00001d048667,RGBR,mkkk42
Zm00001d048680,GRVI,pco093477/IDP2408a
Zm00001d048689,NDI,fha19
Zm00001d048732,RGBVI,nhx1
Zm00001d048739,MGRVI/veg/COM/ExG/ExGR/GreenCoverage,-
Zm00001d048804,GRVI,php20725a
Zm00001d048908,ints,-
Zm00001d048925,veg,si605010h05b
Zm00001d048930,veg,-
Zm00001d048974,IKAW,gcsh4
Zm00001d048995,ExR,-
Zm00001d049013,RGBVI,-
Zm00001d049018,MGRVI/veg/COM/ExG/ExGR/GLI/GreenCoverage,cl62390_1
Zm00001d049063,rn,-
Zm00001d049079,RGBVI,myb202
Zm00001d049081,rn,-
Zm00001d049082,GRVI,pco111077
Zm00001d049121,rn,-
Zm00001d049133,rn/ExR/gn,pco128617
Zm00001d049141,rn,iaa14
Zm00001d049155,RGBVI,Zm00001d049155
Zm00001d049160,ints,sig2A
Zm00001d049174,rn,la1
Zm00001d049188,veg,drts4
Zm00001d049193,ints,cl5511_1
Zm00001d049195,CIVE/MGRVI/veg/COM/ExG/ExGR/ExR/GreenCoverage,-
Zm00001d049222,ints,cl11926_1
Zm00001d049239,IKAW,ahh1
Zm00001d049270,GLI2,LOC100281840
Zm00001d049284,GRVI,-
Zm00001d049301,CIVE/COM,LOC103652962
Zm00001d049313,COM,-
Zm00001d049314,COM,-
Zm00001d049320,COM,mbf1
Zm00001d049325,CIVE/COM,isca2
Zm00001d049326,veg/GreenCoverage,LOC100282552
Zm00001d049514,IKAW,-
Zm00001d049543,GLI2,cca1
Zm00001d049560,gn,-
Zm00001d049707,CIVE/MGRVI/veg/COM/ExG/ExGR/GreenCoverage,pco139881
Zm00001d049719,IKAW,-
Zm00001d049731,rn,si707090f09c
Zm00001d049742,GRVI,-
Zm00001d049743,CIVE/MGRVI/veg/COM/ExG/ExGR/GreenCoverage,mterf12
Zm00001d049771,RGBR/ExR/GLI,Zm00001eb174780
Zm00001d049774,RGBVI,mab4
Zm00001d049776,CIVE/MGRVI/veg/COM/ExGR,-
Zm00001d049781,veg,mab5
Zm00001d049816,ExR,-
Zm00001d049817,ExR,-
Zm00001d049879,ints,-
Zm00001d049927,IKAW,-
Zm00001d049970,COM,-
Zm00001d050020,ExR,fuct1
Zm00001d050036,MGRVI/veg/ExGR,-
Zm00001d050076,IKAW,-
Zm00001d050077,IKAW,-
Zm00001d050116,GLI,cl43997_1
Zm00001d050122,RGBVI,-
Zm00001d050123,ints,-
Zm00001d050257,NDI,-
Zm00001d050284,GRVI,si486085e02
Zm00001d050313,rn,-
Zm00001d050437,GRVI,-
Zm00001d050441,GLI,-
Zm00001d050483,MGRVI/NDI/RGBR/RGBVI/rn/ExGR/ExR/gn,-
Zm00001d050489,CIVE,ubp22
Zm00001d050575,RGBR,si606018d05
Zm00001d050584,RGBR,LOC103653544
Zm00001d050588,CIVE/MGRVI/ExR/GLI/GLI2,bzip140
Zm00001d050601,GLI,si687064g02c
Zm00001d050602,GRVI,-
Zm00001d050607,ExR,cl11820_1f
Zm00001d050608,rn,pco125757
Zm00001d050612,GRVI,GRMZM2G030128
Zm00001d050620,IKAW/NDI/gn,-
Zm00001d050640,gn,-
Zm00001d050645,ExR,invan8
Zm00001d050667,RGBVI,-
Zm00001d050673,GLI2,-
Zm00001d050723,IKAW,snrkII6
Zm00001d050754,RGBR,si687017e04ah
Zm00001d050775,rn,-
Zm00001d050822,ints/gn,IDP9045
Zm00001d050851,RGBVI,-
Zm00001d050989,gn,-
Zm00001d051020,rn,-
Zm00001d051021,ExR/GLI/gn,pco090029
Zm00001d051091,NDI,pub17
Zm00001d051157,veg,IDP326
Zm00001d051178,ExR/GLI2,AY110355
Zm00001d051194,GRVI,adc2
Zm00001d051332,ExG,-
Zm00001d051380,RGBVI,-
Zm00001d051404,RGBVI,mkkk5
Zm00001d051419,GRVI,si687072a12
Zm00001d051465,MGRVI/veg/COM/ExG/ExGR/GLI/GreenCoverage,zag5
Zm00001d051535,ExG,-
Zm00001d051576,GLI2,ppr237
Zm00001d051584,ints,IDP851
Zm00001d051586,ints,pco072185
Zm00001d051589,veg,rz567b(klc)
Zm00001d051600,GRVI,nch1
Zm00001d051607,gn,hsp70-7
Zm00001d051644,RGBVI,tola1
Zm00001d051672,RGBR,llg3
Zm00001d051733,ExG,-
Zm00001d051735,GRVI,-
Zm00001d051850,IKAW/ints,-
Zm00001d051851,gn,-
Zm00001d051871,IKAW,-
Zm00001d051873,RGBR,-
Zm00001d051893,GLI2,pco063627
Zm00001d051912,ints,si614064h02
Zm00001d051917,CIVE/veg,cl21401_1a
Zm00001d051919,GRVI,-
Zm00001d051950,GLI2/gn,-
Zm00001d051952,CIVE/MGRVI/veg/COM/ExGR/GreenCoverage,-
Zm00001d051953,CIVE/MGRVI/veg/COM/ExGR/GreenCoverage,-
Zm00001d051976,RGBVI,ss5
Zm00001d052028,IKAW,vps3
Zm00001d052032,GreenCoverage,-
Zm00001d052070,GLI2,-
Zm00001d052074,NDI,-
Zm00001d052078,CIVE/COM,-
Zm00001d052079,IKAW/RGBR/rn,lkrsdh1
Zm00001d052098,IKAW,pco062058
Zm00001d052106,ExR/GreenCoverage,-
Zm00001d052110,MGRVI/veg/ExGR,o1
Zm00001d052113,NDI,GRMZM2G115013
Zm00001d052114,ExG,-
Zm00001d052146,NDI,-
Zm00001d052147,GRVI/GLI2,-
Zm00001d052149,ExG,-
Zm00001d052193,ExR,-
Zm00001d052197,IKAW,dek15
Zm00001d052225,CIVE/MGRVI/veg/COM/ExG/ExGR/ExR/GLI/gn/GreenCoverage,-
Zm00001d052245,NDI,-
Zm00001d052282,CIVE/COM,LOC100193455
Zm00001d052292,RGBR,-
Zm00001d052294,ints,-
Zm00001d052311,NDI,-
Zm00001d052329,MGRVI/veg/ExGR,ptac6
Zm00001d052336,CIVE,IDP6767
Zm00001d052353,NDI,pco136762b
Zm00001d052364,MGRVI/veg/COM/GreenCoverage,pco115502
Zm00001d052381,NDI/ExR/GLI2,-
Zm00001d052383,GRVI,-
Zm00001d052391,NDI,AY104784
Zm00001d052403,RGBVI,ms30
Zm00001d052444,NDI,cl173_1b
Zm00001d052453,ExR/gn,cl12347_2a
Zm00001d052462,GLI2,-
Zm00001d052558,ints,-
Zm00001d052559,CIVE/COM,-
Zm00001d052584,ints,IDP7593
Zm00001d052586,MGRVI/veg/ExGR/GLI,caat11
Zm00001d052589,CIVE/MGRVI/veg/COM/GreenCoverage,-
Zm00001d052590,GreenCoverage,-
Zm00001d052632,GRVI/IKAW/rn,impb23
Zm00001d052635,GLI,-
Zm00001d052656,IKAW/ints,Zm00001d052656
Zm00001d052673,RGBVI,c2
Zm00001d052693,MGRVI/RGBVI/COM/ExGR/GLI/GreenCoverage,-
Zm00001d052709,NDI,LOC103654420
Zm00001d052720,ints,LOC100383437
Zm00001d052723,GreenCoverage,-
Zm00001d052777,GreenCoverage,Zm00001eb198930
Zm00001d052806,gn,umc1856
Zm00001d052832,CIVE/GreenCoverage,-
Zm00001d052845,gn,LOC103654473
Zm00001d052851,MGRVI/veg/GLI/GreenCoverage,-
Zm00001d052868,MGRVI/veg/ExG/ExR/GLI/GreenCoverage,-
Zm00001d052903,NDI,umc2286
Zm00001d052905,GLI,sbp7
Zm00001d052906,MGRVI/RGBVI/veg/ExGR/GLI,-
Zm00001d052923,NDI,IDP5047
Zm00001d052943,RGBR,ubp25
Zm00001d052952,NDI,-
Zm00001d052959,NDI,-
Zm00001d052999,RGBR,LOC103655881
Zm00001d053000,CIVE/GreenCoverage,-
Zm00001d053024,gn,-
Zm00001d053028,RGBR/ExG,si707094h09b
Zm00001d053038,RGBR,cl38420_1b
Zm00001d053059,ints,fancm1
Zm00001d053070,NDI,-
Zm00001d053076,gn,csu50a
Zm00001d053104,NDI,-
Zm00001d053151,GRVI,hb6
Zm00001d053265,GLI,arid12
Zm00001d053268,GLI,gpm353
Zm00001d053286,ExR/gn,-
Zm00001d053318,ints,-
Zm00001d053327,GLI,-
Zm00001d053348,RGBVI,tgl1
Zm00001d053391,NDI,bhlh24
Zm00001d053398,NDI,-
Zm00001d053404,NDI,c3h56
Zm00001d053409,CIVE/NDI,-
Zm00001d053427,COM,-
Zm00001d053498,GreenCoverage,-
Zm00001d053515,GRVI,mkkk43
Zm00001d053548,ExGR,gsk4
Zm00001d053553,GLI2,-
Zm00001d053611,ExR/GLI/gn,-
Zm00001d053628,ints/NDI,cl6524_1
Zm00001d053660,GRVI,rcc19
Zm00001d053716,GRVI,-
Zm00001d053740,GLI2,-
Zm00001d053751,RGBR,Zm00001d053751
Zm00001d053775,GRVI,sbp19
Zm00001d053778,gn,pco141112
Zm00001d053803,RGBVI,-
Zm00001d053911,IKAW,npi451
Zm00001d053927,GreenCoverage,Zm00001eb208490/BE997321
Zm00001d053954,rn,-
Zm00001d053994,NDI,IDP6638
Zm00001d053998,MGRVI/veg/ExG/ExGR/ExR/GLI,wee1
Zm00001d054001,GRVI/RGBVI/GLI2,prmt2
Zm00001d054011,ints,IDP7398
Zm00001d054016,MGRVI/veg/ExG/ExGR/GLI,-
Zm00001d054028,RGBVI,-
Zm00001d054031,RGBVI/rn,-
Zm00001d054065,GRVI,-
Zm00001d054070,gn,jmj12
Zm00001d054079,NDI,emb14
